Region,Codigo region,Comuna,Codigo comuna,Poblacion,2020-03-30,2020-04-01,2020-04-03,2020-04-06,2020-04-08,2020-04-10,2020-04-13,2020-04-15,2020-04-17,2020-04-20,2020-04-24,2020-04-27,2020-05-01,2020-05-04,2020-05-08,2020-05-11,2020-05-15,2020-05-18,2020-05-22,2020-05-25,2020-05-29,2020-06-01,2020-06-05,2020-06-08,2020-06-12,2020-06-15,Tasa
Arica y Parinacota,15,Arica,15101,247552.0,6.0,6.0,12.0,41.0,63.0,87.0,115.0,124.0,134.0,166.0,224.0,270.0,297.0,310.0,328.0,353.0,371.0,405.0,477.0,525.0,596.0,653.0,806.0,904.0,1046.0,1176.0,475.1
Arica y Parinacota,15,Camarones,15102,1233.0,0.0,0.0,0.0,0.0,0.0,0.0,0.0,0.0,0.0,0.0,0.0,0.0,0.0,0.0,0.0,0.0,0.0,0.0,0.0,0.0,0.0,0.0,0.0,0.0,0.0,0.0,0.0
Arica y Parinacota,15,General Lagos,15202,810.0,0.0,0.0,0.0,0.0,0.0,0.0,0.0,0.0,0.0,0.0,0.0,0.0,0.0,0.0,0.0,0.0,0.0,0.0,0.0,0.0,0.0,0.0,0.0,0.0,0.0,0.0,0.0
Arica y Parinacota,15,Putre,15201,2515.0,0.0,0.0,0.0,0.0,0.0,0.0,0.0,0.0,0.0,0.0,0.0,0.0,0.0,0.0,0.0,0.0,0.0,0.0,0.0,0.0,0.0,0.0,0.0,1.0,2.0,3.0,119.3
Tarapacá,1,Alto Hospicio,1107,129999.0,0.0,0.0,0.0,5.0,6.0,10.0,14.0,15.0,16.0,27.0,39.0,55.0,77.0,128.0,161.0,188.0,276.0,379.0,504.0,591.0,744.0,919.0,1062.0,1238.0,1345.0,1468.0,1129.2
Tarapacá,1,Camiña,1402,1375.0,0.0,0.0,0.0,0.0,0.0,0.0,0.0,0.0,0.0,0.0,0.0,0.0,0.0,0.0,0.0,0.0,0.0,0.0,0.0,0.0,2.0,4.0,8.0,10.0,10.0,12.0,872.7
Tarapacá,1,Colchane,1403,1583.0,0.0,0.0,0.0,0.0,0.0,0.0,0.0,0.0,0.0,0.0,0.0,0.0,0.0,0.0,0.0,0.0,0.0,0.0,0.0,0.0,1.0,1.0,4.0,5.0,10.0,16.0,1010.7
Tarapacá,1,Huara,1404,3000.0,0.0,0.0,0.0,0.0,0.0,0.0,0.0,0.0,0.0,0.0,0.0,0.0,0.0,3.0,6.0,9.0,13.0,15.0,18.0,19.0,30.0,31.0,33.0,37.0,40.0,41.0,1366.7
Tarapacá,1,Iquique,1101,223463.0,5.0,9.0,10.0,13.0,16.0,18.0,26.0,26.0,31.0,36.0,58.0,75.0,90.0,122.0,253.0,308.0,440.0,610.0,812.0,951.0,1218.0,1447.0,1700.0,1904.0,2142.0,2379.0,1064.6
Tarapacá,1,Pica,1405,5958.0,0.0,0.0,0.0,0.0,0.0,5.0,10.0,19.0,24.0,28.0,31.0,31.0,31.0,31.0,35.0,37.0,37.0,39.0,37.0,39.0,45.0,51.0,57.0,59.0,60.0,67.0,1124.5
Tarapacá,1,Pozo Almonte,1401,17395.0,0.0,0.0,0.0,0.0,0.0,0.0,2.0,2.0,2.0,2.0,2.0,2.0,2.0,3.0,4.0,5.0,7.0,10.0,20.0,28.0,47.0,69.0,91.0,121.0,192.0,240.0,1379.7
Antofagasta,2,Antofagasta,2101,425725.0,29.0,32.0,44.0,54.0,60.0,82.0,106.0,122.0,145.0,184.0,261.0,303.0,378.0,479.0,601.0,658.0,843.0,998.0,1140.0,1243.0,1395.0,1550.0,1710.0,1876.0,2106.0,2339.0,549.4
Antofagasta,2,Calama,2201,190336.0,0.0,0.0,5.0,7.0,8.0,13.0,20.0,21.0,21.0,25.0,35.0,54.0,71.0,84.0,102.0,114.0,168.0,213.0,254.0,302.0,415.0,486.0,626.0,756.0,1138.0,1532.0,804.9
Antofagasta,2,María Elena,2302,6814.0,0.0,0.0,0.0,0.0,0.0,0.0,1.0,2.0,4.0,6.0,7.0,13.0,30.0,35.0,47.0,49.0,84.0,112.0,132.0,147.0,154.0,157.0,160.0,168.0,172.0,175.0,2568.2
Antofagasta,2,Mejillones,2102,14776.0,0.0,0.0,0.0,0.0,0.0,6.0,12.0,14.0,19.0,27.0,43.0,65.0,77.0,126.0,134.0,150.0,174.0,191.0,226.0,227.0,244.0,262.0,273.0,279.0,280.0,286.0,1935.6
Antofagasta,2,Ollague,2202,287.0,0.0,0.0,0.0,0.0,0.0,0.0,0.0,0.0,0.0,0.0,0.0,0.0,0.0,0.0,0.0,0.0,0.0,0.0,0.0,0.0,0.0,0.0,0.0,0.0,0.0,2.0,696.9
Antofagasta,2,San Pedro de Atacama,2203,10434.0,0.0,0.0,0.0,4.0,4.0,4.0,4.0,4.0,4.0,4.0,4.0,4.0,4.0,4.0,4.0,4.0,4.0,4.0,5.0,5.0,8.0,8.0,9.0,11.0,14.0,26.0,249.2
Antofagasta,2,Sierra Gorda,2103,1746.0,0.0,0.0,0.0,0.0,0.0,0.0,0.0,0.0,0.0,0.0,0.0,0.0,0.0,0.0,2.0,2.0,7.0,9.0,11.0,13.0,13.0,14.0,16.0,21.0,26.0,35.0,2004.6
Antofagasta,2,Taltal,2104,13657.0,0.0,0.0,0.0,0.0,0.0,0.0,3.0,7.0,7.0,7.0,7.0,7.0,7.0,8.0,8.0,9.0,16.0,17.0,23.0,25.0,26.0,33.0,37.0,37.0,41.0,42.0,307.5
Antofagasta,2,Tocopilla,2301,28079.0,0.0,0.0,0.0,0.0,0.0,0.0,3.0,6.0,11.0,11.0,11.0,11.0,12.0,13.0,14.0,15.0,19.0,24.0,25.0,28.0,30.0,32.0,35.0,38.0,44.0,46.0,163.8
Atacama,3,Alto del Carmen,3302,5729.0,0.0,0.0,0.0,0.0,0.0,0.0,0.0,0.0,0.0,0.0,0.0,0.0,0.0,0.0,0.0,0.0,0.0,0.0,0.0,0.0,0.0,0.0,1.0,2.0,2.0,4.0,69.8
Atacama,3,Caldera,3102,19426.0,0.0,0.0,0.0,0.0,0.0,0.0,0.0,0.0,0.0,0.0,0.0,0.0,0.0,1.0,1.0,3.0,4.0,5.0,5.0,5.0,6.0,7.0,9.0,10.0,13.0,14.0,72.1
Atacama,3,Chañaral,3201,13164.0,0.0,0.0,0.0,0.0,0.0,0.0,0.0,0.0,0.0,0.0,0.0,0.0,0.0,0.0,0.0,0.0,0.0,0.0,0.0,0.0,1.0,1.0,1.0,1.0,3.0,3.0,22.8
Atacama,3,Copiapó,3101,171766.0,0.0,0.0,4.0,4.0,5.0,8.0,8.0,8.0,8.0,8.0,8.0,8.0,19.0,34.0,48.0,67.0,71.0,82.0,96.0,100.0,115.0,135.0,160.0,207.0,259.0,297.0,172.9
Atacama,3,Diego de Almagro,3202,14358.0,0.0,0.0,0.0,0.0,0.0,0.0,1.0,1.0,1.0,1.0,1.0,1.0,1.0,2.0,2.0,3.0,3.0,3.0,5.0,8.0,12.0,12.0,13.0,15.0,19.0,25.0,174.1
Atacama,3,Freirina,3303,7681.0,0.0,0.0,0.0,0.0,0.0,0.0,0.0,0.0,0.0,0.0,0.0,1.0,1.0,1.0,1.0,1.0,1.0,1.0,1.0,1.0,1.0,1.0,1.0,1.0,2.0,2.0,26.0
Atacama,3,Huasco,3304,11264.0,0.0,0.0,0.0,0.0,0.0,0.0,0.0,0.0,0.0,1.0,0.0,0.0,0.0,1.0,1.0,1.0,1.0,1.0,1.0,1.0,1.0,1.0,2.0,5.0,8.0,9.0,79.9
Atacama,3,Tierra Amarilla,3103,14312.0,0.0,0.0,0.0,0.0,0.0,4.0,4.0,4.0,4.0,4.0,5.0,6.0,7.0,9.0,9.0,19.0,22.0,23.0,23.0,23.0,24.0,24.0,25.0,26.0,30.0,35.0,244.6
Atacama,3,Vallenar,3301,57009.0,0.0,0.0,0.0,0.0,0.0,0.0,0.0,0.0,0.0,0.0,7.0,13.0,17.0,24.0,28.0,41.0,42.0,43.0,46.0,48.0,50.0,56.0,65.0,80.0,84.0,100.0,175.4
Coquimbo,4,Andacollo,4103,11791.0,0.0,0.0,0.0,0.0,0.0,0.0,0.0,0.0,0.0,0.0,0.0,0.0,0.0,2.0,3.0,3.0,3.0,3.0,4.0,4.0,13.0,13.0,17.0,19.0,25.0,25.0,212.0
Coquimbo,4,Canela,4202,9546.0,0.0,0.0,0.0,0.0,0.0,0.0,0.0,0.0,0.0,0.0,0.0,0.0,0.0,0.0,1.0,1.0,1.0,1.0,2.0,2.0,2.0,2.0,3.0,4.0,6.0,6.0,62.9
Coquimbo,4,Combarbalá,4302,13884.0,0.0,0.0,0.0,0.0,0.0,0.0,0.0,0.0,0.0,0.0,0.0,0.0,0.0,0.0,0.0,2.0,2.0,5.0,6.0,7.0,9.0,14.0,14.0,20.0,20.0,20.0,144.1
Coquimbo,4,Coquimbo,4102,256735.0,17.0,19.0,19.0,19.0,19.0,21.0,21.0,19.0,20.0,23.0,24.0,26.0,29.0,31.0,35.0,38.0,49.0,56.0,67.0,74.0,192.0,202.0,281.0,363.0,470.0,543.0,211.5
Coquimbo,4,Illapel,4201,32801.0,0.0,0.0,0.0,7.0,12.0,13.0,17.0,19.0,19.0,18.0,18.0,18.0,18.0,19.0,19.0,19.0,19.0,19.0,19.0,19.0,21.0,25.0,31.0,43.0,53.0,55.0,167.7
Coquimbo,4,La Higuera,4104,4450.0,0.0,0.0,0.0,0.0,0.0,0.0,0.0,0.0,0.0,0.0,0.0,0.0,0.0,0.0,0.0,0.0,0.0,0.0,0.0,0.0,0.0,1.0,2.0,1.0,3.0,3.0,67.4
Coquimbo,4,La Serena,4101,249656.0,0.0,0.0,8.0,12.0,12.0,12.0,12.0,12.0,12.0,16.0,18.0,19.0,20.0,27.0,33.0,40.0,57.0,63.0,89.0,117.0,145.0,186.0,205.0,260.0,350.0,419.0,167.8
Coquimbo,4,Los Vilos,4203,23374.0,0.0,0.0,0.0,0.0,0.0,0.0,1.0,1.0,1.0,1.0,1.0,1.0,1.0,1.0,1.0,1.0,1.0,1.0,1.0,1.0,1.0,4.0,6.0,8.0,11.0,13.0,55.6
Coquimbo,4,Monte Patria,4303,32527.0,0.0,0.0,0.0,0.0,0.0,0.0,0.0,0.0,0.0,0.0,0.0,0.0,0.0,0.0,0.0,0.0,3.0,4.0,17.0,20.0,29.0,43.0,55.0,68.0,82.0,100.0,307.4
Coquimbo,4,Ovalle,4301,121269.0,4.0,4.0,4.0,7.0,7.0,8.0,8.0,8.0,8.0,9.0,9.0,9.0,10.0,11.0,16.0,24.0,35.0,48.0,59.0,70.0,97.0,137.0,171.0,257.0,329.0,402.0,331.5
Coquimbo,4,Paiguano,4105,4675.0,0.0,0.0,0.0,0.0,0.0,0.0,0.0,0.0,0.0,0.0,0.0,0.0,0.0,0.0,0.0,0.0,0.0,0.0,0.0,0.0,0.0,2.0,3.0,4.0,4.0,5.0,107.0
Coquimbo,4,Punitaqui,4304,12165.0,0.0,0.0,0.0,0.0,0.0,0.0,0.0,0.0,0.0,0.0,1.0,1.0,2.0,3.0,5.0,8.0,8.0,8.0,10.0,11.0,13.0,14.0,17.0,26.0,31.0,33.0,271.3
Coquimbo,4,Río Hurtado,4305,4372.0,0.0,0.0,0.0,0.0,0.0,0.0,1.0,1.0,1.0,1.0,1.0,1.0,1.0,1.0,1.0,1.0,2.0,2.0,2.0,2.0,2.0,5.0,7.0,10.0,13.0,14.0,320.2
Coquimbo,4,Salamanca,4204,29110.0,0.0,0.0,0.0,4.0,4.0,5.0,6.0,6.0,7.0,7.0,7.0,7.0,7.0,8.0,9.0,10.0,12.0,10.0,11.0,12.0,14.0,19.0,22.0,37.0,42.0,44.0,151.2
Coquimbo,4,Vicuña,4106,29741.0,0.0,0.0,0.0,0.0,0.0,0.0,0.0,0.0,0.0,0.0,0.0,0.0,0.0,1.0,1.0,2.0,5.0,7.0,10.0,12.0,14.0,14.0,17.0,19.0,21.0,23.0,77.3
Valparaíso,5,Algarrobo,5602,15174.0,7.0,7.0,9.0,9.0,8.0,8.0,8.0,9.0,9.0,9.0,9.0,10.0,10.0,10.0,12.0,14.0,19.0,23.0,32.0,33.0,36.0,42.0,48.0,57.0,67.0,72.0,474.5
Valparaíso,5,Cabildo,5402,20663.0,0.0,0.0,0.0,0.0,0.0,0.0,0.0,0.0,0.0,1.0,0.0,3.0,4.0,5.0,5.0,6.0,7.0,9.0,11.0,13.0,18.0,18.0,24.0,32.0,36.0,42.0,203.3
Valparaíso,5,Calera,5502,53591.0,6.0,6.0,7.0,7.0,9.0,9.0,9.0,11.0,13.0,16.0,22.0,22.0,22.0,22.0,22.0,25.0,28.0,31.0,39.0,42.0,51.0,64.0,82.0,94.0,112.0,141.0,263.1
Valparaíso,5,Calle Larga,5302,16482.0,0.0,0.0,0.0,0.0,0.0,0.0,2.0,2.0,4.0,5.0,6.0,6.0,6.0,6.0,10.0,10.0,12.0,12.0,20.0,23.0,36.0,44.0,61.0,81.0,90.0,99.0,600.7
Valparaíso,5,Cartagena,5603,25357.0,0.0,0.0,0.0,0.0,0.0,0.0,2.0,2.0,2.0,2.0,6.0,6.0,8.0,9.0,14.0,15.0,21.0,23.0,31.0,36.0,42.0,46.0,54.0,61.0,66.0,68.0,268.2
Valparaíso,5,Casablanca,5102,29170.0,0.0,0.0,0.0,0.0,0.0,0.0,3.0,3.0,3.0,3.0,3.0,3.0,3.0,3.0,4.0,4.0,13.0,13.0,21.0,21.0,23.0,26.0,35.0,43.0,58.0,63.0,216.0
Valparaíso,5,Catemu,5702,15213.0,0.0,0.0,0.0,0.0,0.0,0.0,0.0,0.0,0.0,0.0,0.0,0.0,0.0,1.0,1.0,2.0,2.0,4.0,5.0,7.0,10.0,10.0,17.0,27.0,38.0,44.0,289.2
Valparaíso,5,Concón,5103,45889.0,0.0,0.0,7.0,7.0,0.0,0.0,6.0,7.0,7.0,7.0,13.0,14.0,19.0,20.0,23.0,25.0,29.0,37.0,43.0,44.0,49.0,66.0,72.0,90.0,105.0,120.0,261.5
Valparaíso,5,El Quisco,5604,17742.0,0.0,0.0,0.0,0.0,0.0,0.0,3.0,4.0,6.0,8.0,11.0,11.0,11.0,12.0,16.0,18.0,23.0,26.0,30.0,33.0,44.0,51.0,66.0,69.0,82.0,82.0,462.2
Valparaíso,5,El Tabo,5605,14338.0,0.0,0.0,0.0,0.0,0.0,0.0,2.0,3.0,6.0,6.0,9.0,9.0,13.0,13.0,14.0,16.0,23.0,24.0,29.0,31.0,37.0,41.0,61.0,70.0,72.0,72.0,502.2
Valparaíso,5,Hijuelas,5503,19099.0,0.0,0.0,0.0,0.0,0.0,0.0,0.0,0.0,0.0,1.0,1.0,1.0,1.0,1.0,1.0,1.0,2.0,3.0,5.0,6.0,13.0,18.0,29.0,33.0,38.0,45.0,235.6
Valparaíso,5,Isla de Pascua,5201,8277.0,0.0,5.0,5.0,5.0,5.0,6.0,6.0,6.0,5.0,5.0,5.0,5.0,5.0,5.0,5.0,5.0,5.0,5.0,5.0,5.0,5.0,5.0,5.0,5.0,5.0,5.0,60.4
Valparaíso,5,Juan Fernandez,5104,1033.0,0.0,0.0,0.0,0.0,0.0,0.0,0.0,0.0,0.0,0.0,0.0,0.0,0.0,0.0,0.0,0.0,0.0,0.0,0.0,0.0,0.0,0.0,0.0,0.0,0.0,0.0,0.0
Valparaíso,5,La Cruz,5504,25321.0,0.0,0.0,0.0,0.0,0.0,0.0,5.0,5.0,5.0,7.0,8.0,8.0,9.0,10.0,14.0,17.0,19.0,22.0,24.0,24.0,26.0,28.0,33.0,36.0,49.0,57.0,225.1
Valparaíso,5,La Ligua,5401,37739.0,0.0,0.0,0.0,0.0,0.0,0.0,2.0,2.0,2.0,2.0,2.0,2.0,2.0,3.0,3.0,3.0,3.0,4.0,8.0,9.0,15.0,15.0,28.0,46.0,50.0,68.0,180.2
Valparaíso,5,Limache,5802,49931.0,0.0,0.0,0.0,4.0,5.0,7.0,8.0,13.0,20.0,20.0,23.0,23.0,23.0,22.0,25.0,28.0,47.0,54.0,68.0,79.0,85.0,94.0,125.0,146.0,179.0,205.0,410.6
Valparaíso,5,Llaillay,5703,26533.0,0.0,0.0,0.0,0.0,0.0,0.0,2.0,2.0,2.0,2.0,2.0,2.0,4.0,4.0,4.0,5.0,11.0,14.0,33.0,37.0,53.0,54.0,67.0,85.0,98.0,114.0,429.7
Valparaíso,5,Los Andes,5301,68093.0,0.0,0.0,0.0,0.0,6.0,6.0,6.0,7.0,9.0,9.0,6.0,7.0,9.0,9.0,15.0,25.0,28.0,35.0,72.0,92.0,128.0,146.0,194.0,273.0,323.0,370.0,543.4
Valparaíso,5,Nogales,5506,23490.0,0.0,0.0,0.0,0.0,0.0,0.0,0.0,0.0,0.0,0.0,0.0,0.0,0.0,0.0,0.0,1.0,3.0,5.0,9.0,12.0,14.0,16.0,21.0,25.0,28.0,34.0,144.7
Valparaíso,5,Olmué,5803,19266.0,0.0,0.0,0.0,0.0,0.0,0.0,1.0,1.0,2.0,2.0,2.0,2.0,2.0,2.0,2.0,2.0,3.0,3.0,6.0,8.0,15.0,17.0,24.0,25.0,28.0,36.0,186.9
Valparaíso,5,Panquehue,5704,7633.0,0.0,0.0,0.0,0.0,0.0,0.0,0.0,0.0,0.0,0.0,0.0,0.0,0.0,0.0,0.0,0.0,1.0,1.0,3.0,5.0,8.0,8.0,14.0,17.0,20.0,22.0,288.2
Valparaíso,5,Papudo,5403,6201.0,0.0,0.0,0.0,0.0,0.0,0.0,0.0,0.0,0.0,0.0,0.0,0.0,0.0,0.0,0.0,0.0,0.0,0.0,4.0,4.0,7.0,7.0,14.0,16.0,17.0,22.0,354.8
Valparaíso,5,Petorca,5404,10558.0,0.0,0.0,0.0,5.0,4.0,5.0,6.0,6.0,6.0,6.0,6.0,6.0,6.0,6.0,6.0,7.0,7.0,7.0,10.0,11.0,14.0,15.0,21.0,21.0,23.0,25.0,236.8
Valparaíso,5,Puchuncaví,5105,20071.0,0.0,0.0,0.0,0.0,0.0,0.0,0.0,0.0,0.0,0.0,0.0,0.0,0.0,0.0,0.0,0.0,0.0,0.0,4.0,5.0,7.0,15.0,18.0,24.0,35.0,49.0,244.1
Valparaíso,5,Putaendo,5705,17645.0,0.0,0.0,0.0,0.0,0.0,0.0,1.0,2.0,2.0,5.0,5.0,5.0,6.0,6.0,7.0,12.0,12.0,15.0,21.0,22.0,24.0,26.0,34.0,49.0,63.0,72.0,408.0
Valparaíso,5,Quillota,5501,97572.0,6.0,7.0,9.0,9.0,13.0,13.0,16.0,18.0,19.0,20.0,22.0,22.0,24.0,26.0,28.0,31.0,39.0,48.0,56.0,59.0,66.0,80.0,107.0,138.0,214.0,280.0,287.0
Valparaíso,5,Quilpué,5801,167085.0,11.0,10.0,11.0,12.0,15.0,18.0,20.0,21.0,22.0,27.0,30.0,30.0,38.0,40.0,50.0,55.0,88.0,104.0,124.0,155.0,188.0,226.0,285.0,321.0,368.0,410.0,245.4
Valparaíso,5,Quintero,5107,36135.0,0.0,0.0,0.0,0.0,0.0,4.0,5.0,4.0,4.0,4.0,6.0,9.0,10.0,10.0,14.0,16.0,23.0,29.0,33.0,41.0,56.0,79.0,97.0,122.0,148.0,168.0,464.9
Valparaíso,5,Rinconada,5303,11263.0,0.0,0.0,0.0,0.0,0.0,0.0,2.0,2.0,2.0,2.0,2.0,2.0,2.0,2.0,3.0,3.0,3.0,5.0,10.0,18.0,26.0,34.0,48.0,53.0,67.0,76.0,674.8
Valparaíso,5,San Antonio,5601,96761.0,0.0,4.0,8.0,9.0,9.0,13.0,17.0,19.0,28.0,34.0,46.0,53.0,72.0,86.0,125.0,147.0,191.0,225.0,280.0,286.0,359.0,389.0,472.0,538.0,616.0,633.0,654.2
Valparaíso,5,San Esteban,5304,20643.0,0.0,0.0,0.0,0.0,0.0,0.0,0.0,0.0,0.0,1.0,1.0,3.0,3.0,3.0,5.0,8.0,9.0,11.0,14.0,17.0,18.0,20.0,29.0,43.0,53.0,61.0,295.5
Valparaíso,5,San Felipe,5701,83494.0,0.0,0.0,5.0,5.0,6.0,6.0,6.0,6.0,6.0,6.0,6.0,6.0,9.0,9.0,12.0,17.0,30.0,37.0,72.0,87.0,112.0,129.0,187.0,267.0,356.0,403.0,482.7
Valparaíso,5,Santa María,5706,16367.0,0.0,0.0,0.0,0.0,0.0,0.0,2.0,2.0,2.0,2.0,2.0,2.0,13.0,16.0,19.0,20.0,20.0,20.0,26.0,26.0,30.0,30.0,33.0,46.0,59.0,62.0,378.8
Valparaíso,5,Santo Domingo,5606,11934.0,,0.0,0.0,0.0,5.0,5.0,5.0,10.0,11.0,12.0,17.0,17.0,19.0,22.0,21.0,25.0,29.0,33.0,35.0,35.0,38.0,41.0,50.0,57.0,78.0,78.0,653.6
Valparaíso,5,Valparaíso,5101,315732.0,16.0,26.0,23.0,26.0,36.0,39.0,44.0,45.0,51.0,59.0,67.0,68.0,95.0,109.0,169.0,190.0,255.0,300.0,354.0,412.0,482.0,593.0,765.0,922.0,1114.0,1322.0,418.7
Valparaíso,5,Villa Alemana,5804,139310.0,6.0,8.0,11.0,11.0,12.0,12.0,12.0,12.0,13.0,13.0,14.0,15.0,17.0,19.0,36.0,45.0,64.0,77.0,109.0,122.0,147.0,172.0,233.0,288.0,326.0,370.0,265.6
Valparaíso,5,Viña del Mar,5109,361371.0,29.0,38.0,47.0,53.0,66.0,69.0,72.0,75.0,84.0,94.0,103.0,109.0,123.0,135.0,168.0,200.0,275.0,327.0,408.0,476.0,589.0,724.0,861.0,992.0,1168.0,1314.0,363.6
Valparaíso,5,Zapallar,5405,7994.0,0.0,0.0,0.0,0.0,0.0,0.0,0.0,0.0,0.0,0.0,0.0,0.0,0.0,0.0,0.0,0.0,0.0,0.0,0.0,0.0,3.0,3.0,3.0,3.0,3.0,3.0,37.5
Metropolitana,13,Alhué,13502,7405.0,0.0,0.0,0.0,0.0,0.0,0.0,0.0,0.0,0.0,0.0,0.0,0.0,0.0,0.0,0.0,0.0,0.0,0.0,2.0,3.0,5.0,7.0,7.0,10.0,16.0,22.0,297.1
Metropolitana,13,Buin,13402,109641.0,7.0,8.0,14.0,20.0,20.0,29.0,36.0,40.0,43.0,47.0,53.0,60.0,81.0,92.0,114.0,152.0,216.0,258.0,358.0,432.0,471.0,540.0,692.0,815.0,978.0,1044.0,952.2
Metropolitana,13,Calera de Tango,13403,28525.0,6.0,7.0,7.0,7.0,8.0,8.0,10.0,10.0,11.0,14.0,15.0,15.0,17.0,17.0,21.0,23.0,29.0,32.0,50.0,66.0,83.0,93.0,109.0,146.0,186.0,200.0,701.1
Metropolitana,13,Cerrillos,13102,88956.0,0.0,4.0,4.0,5.0,11.0,21.0,29.0,39.0,48.0,53.0,66.0,80.0,129.0,241.0,308.0,329.0,432.0,485.0,639.0,758.0,876.0,994.0,1123.0,1231.0,1410.0,1545.0,1736.8
Metropolitana,13,Cerro Navia,13103,142465.0,19.0,21.0,26.0,31.0,36.0,42.0,57.0,65.0,79.0,99.0,118.0,135.0,179.0,227.0,284.0,387.0,476.0,541.0,851.0,993.0,1230.0,1596.0,1892.0,2149.0,2576.0,3075.0,2158.4
Metropolitana,13,Colina,13301,180353.0,32.0,39.0,47.0,50.0,62.0,66.0,74.0,77.0,81.0,90.0,95.0,103.0,129.0,152.0,230.0,289.0,429.0,490.0,781.0,999.0,1259.0,1451.0,1742.0,1986.0,2267.0,2521.0,1397.8
Metropolitana,13,Conchalí,13104,139195.0,14.0,18.0,22.0,32.0,38.0,47.0,52.0,56.0,64.0,80.0,98.0,113.0,187.0,295.0,406.0,470.0,626.0,708.0,1063.0,1370.0,1773.0,2010.0,2330.0,2542.0,2855.0,3244.0,2330.5
Metropolitana,13,Curacaví,13503,36430.0,5.0,5.0,5.0,8.0,9.0,10.0,13.0,14.0,14.0,14.0,15.0,15.0,19.0,23.0,25.0,35.0,65.0,83.0,116.0,149.0,203.0,272.0,335.0,402.0,444.0,477.0,1309.4
Metropolitana,13,El Bosque,13105,172000.0,18.0,28.0,35.0,37.0,46.0,64.0,83.0,93.0,107.0,127.0,145.0,177.0,236.0,275.0,377.0,439.0,612.0,728.0,1026.0,1164.0,1448.0,1654.0,2027.0,2418.0,2784.0,3176.0,1846.5
Metropolitana,13,El Monte,13602,40014.0,0.0,0.0,0.0,5.0,7.0,9.0,10.0,10.0,12.0,12.0,13.0,16.0,21.0,21.0,24.0,29.0,31.0,52.0,80.0,91.0,117.0,152.0,215.0,252.0,317.0,412.0,1029.6
Metropolitana,13,Estación Central,13106,206792.0,16.0,22.0,25.0,36.0,41.0,61.0,71.0,89.0,101.0,120.0,162.0,207.0,341.0,447.0,578.0,679.0,954.0,1100.0,1466.0,1700.0,1986.0,2305.0,2617.0,2943.0,3333.0,3650.0,1765.1
Metropolitana,13,Huechuraba,13107,112528.0,17.0,19.0,22.0,32.0,35.0,38.0,48.0,53.0,59.0,66.0,77.0,82.0,113.0,150.0,220.0,263.0,375.0,413.0,669.0,840.0,1005.0,1285.0,1452.0,1580.0,1827.0,1983.0,1762.2
Metropolitana,13,Independencia,13108,142065.0,15.0,17.0,22.0,26.0,31.0,37.0,52.0,60.0,80.0,115.0,196.0,246.0,431.0,594.0,836.0,992.0,1199.0,1330.0,1699.0,1984.0,2566.0,2923.0,3359.0,3630.0,4056.0,4300.0,3026.8
Metropolitana,13,Isla de Maipo,13603,40171.0,0.0,0.0,0.0,4.0,7.0,10.0,10.0,11.0,11.0,11.0,11.0,13.0,14.0,15.0,17.0,20.0,23.0,27.0,41.0,46.0,65.0,88.0,108.0,133.0,174.0,225.0,560.1
Metropolitana,13,La Cisterna,13109,100434.0,10.0,12.0,12.0,20.0,26.0,34.0,39.0,45.0,47.0,61.0,73.0,84.0,122.0,143.0,205.0,251.0,348.0,427.0,646.0,719.0,845.0,1012.0,1185.0,1391.0,1671.0,1797.0,1789.2
Metropolitana,13,La Florida,13110,402433.0,43.0,58.0,67.0,91.0,103.0,126.0,165.0,176.0,211.0,231.0,282.0,328.0,428.0,578.0,824.0,1071.0,1538.0,1887.0,2514.0,3256.0,3927.0,4550.0,5237.0,6031.0,6879.0,7633.0,1896.7
Metropolitana,13,La Granja,13111,122557.0,5.0,8.0,16.0,24.0,26.0,36.0,46.0,51.0,60.0,69.0,80.0,95.0,138.0,193.0,276.0,348.0,635.0,800.0,1260.0,1769.0,2206.0,2622.0,2820.0,3294.0,3651.0,3968.0,3237.7
Metropolitana,13,La Pintana,13112,189335.0,0.0,10.0,13.0,18.0,25.0,39.0,55.0,70.0,88.0,107.0,128.0,195.0,269.0,345.0,483.0,561.0,840.0,1067.0,1432.0,1804.0,2379.0,2861.0,3339.0,3955.0,4674.0,5192.0,2742.2
Metropolitana,13,La Reina,13113,100252.0,24.0,26.0,30.0,35.0,44.0,52.0,54.0,56.0,59.0,62.0,65.0,84.0,108.0,136.0,173.0,195.0,247.0,294.0,384.0,485.0,644.0,735.0,864.0,953.0,1110.0,1225.0,1221.9
Metropolitana,13,Lampa,13302,126898.0,10.0,10.0,13.0,14.0,18.0,26.0,37.0,41.0,45.0,48.0,58.0,68.0,96.0,117.0,172.0,197.0,278.0,306.0,463.0,660.0,864.0,989.0,1108.0,1257.0,1437.0,1608.0,1267.2
Metropolitana,13,Las Condes,13114,330759.0,181.0,208.0,224.0,258.0,266.0,281.0,296.0,306.0,320.0,326.0,346.0,355.0,409.0,477.0,626.0,738.0,961.0,1084.0,1439.0,1765.0,2141.0,2436.0,2747.0,3034.0,3370.0,3623.0,1095.4
Metropolitana,13,Lo Barnechea,13115,124076.0,68.0,78.0,85.0,97.0,105.0,110.0,116.0,125.0,144.0,157.0,170.0,194.0,238.0,273.0,381.0,422.0,520.0,576.0,742.0,892.0,1060.0,1179.0,1366.0,1475.0,1657.0,1759.0,1417.7
Metropolitana,13,Lo Espejo,13116,103865.0,4.0,7.0,9.0,15.0,23.0,34.0,48.0,56.0,60.0,67.0,80.0,100.0,130.0,162.0,222.0,258.0,423.0,525.0,788.0,895.0,1061.0,1295.0,1491.0,1743.0,2103.0,2252.0,2168.2
Metropolitana,13,Lo Prado,13117,104403.0,14.0,18.0,20.0,25.0,32.0,35.0,43.0,47.0,62.0,75.0,88.0,111.0,170.0,210.0,258.0,329.0,390.0,435.0,617.0,721.0,900.0,1129.0,1347.0,1566.0,1810.0,2208.0,2114.9
Metropolitana,13,Macul,13118,134635.0,10.0,15.0,23.0,34.0,37.0,43.0,49.0,51.0,57.0,64.0,89.0,110.0,136.0,181.0,272.0,336.0,524.0,671.0,949.0,1157.0,1412.0,1684.0,1909.0,2149.0,2473.0,2708.0,2011.4
Metropolitana,13,Maipú,13119,578605.0,43.0,55.0,64.0,83.0,106.0,167.0,203.0,241.0,284.0,312.0,364.0,399.0,480.0,580.0,718.0,844.0,1212.0,1347.0,2000.0,2537.0,3193.0,3765.0,4499.0,5273.0,6272.0,7041.0,1216.9
Metropolitana,13,María Pinto,13504,14926.0,0.0,0.0,0.0,0.0,0.0,0.0,0.0,0.0,1.0,1.0,1.0,1.0,3.0,3.0,3.0,3.0,3.0,5.0,12.0,16.0,28.0,50.0,69.0,83.0,97.0,114.0,763.8
Metropolitana,13,Melipilla,13501,141612.0,6.0,8.0,9.0,11.0,12.0,16.0,17.0,19.0,25.0,35.0,40.0,48.0,74.0,110.0,119.0,136.0,168.0,197.0,310.0,412.0,533.0,693.0,887.0,1060.0,1286.0,1528.0,1079.0
Metropolitana,13,Ñuñoa,13120,250192.0,67.0,84.0,93.0,107.0,118.0,155.0,171.0,188.0,217.0,240.0,269.0,291.0,329.0,365.0,435.0,480.0,692.0,792.0,1091.0,1315.0,1662.0,1940.0,2250.0,2533.0,2955.0,3184.0,1272.6
Metropolitana,13,Padre Hurtado,13604,74188.0,10.0,11.0,14.0,16.0,18.0,20.0,26.0,27.0,28.0,32.0,35.0,40.0,55.0,66.0,79.0,96.0,125.0,135.0,202.0,243.0,300.0,378.0,484.0,548.0,692.0,838.0,1129.6
Metropolitana,13,Paine,13404,82766.0,0.0,0.0,0.0,0.0,0.0,7.0,8.0,9.0,10.0,11.0,13.0,15.0,21.0,26.0,47.0,56.0,108.0,126.0,177.0,198.0,249.0,273.0,347.0,390.0,515.0,564.0,681.4
Metropolitana,13,Pedro Aguirre Cerda,13121,107803.0,7.0,13.0,13.0,16.0,19.0,36.0,54.0,70.0,78.0,89.0,109.0,129.0,180.0,229.0,294.0,349.0,525.0,657.0,890.0,994.0,1149.0,1314.0,1441.0,1684.0,1962.0,2171.0,2013.9
Metropolitana,13,Peñaflor,13605,101058.0,10.0,13.0,13.0,18.0,18.0,20.0,25.0,26.0,29.0,35.0,44.0,51.0,67.0,76.0,87.0,102.0,130.0,155.0,222.0,274.0,363.0,446.0,574.0,674.0,831.0,1006.0,995.5
Metropolitana,13,Peñalolén,13122,266798.0,31.0,46.0,54.0,65.0,78.0,98.0,131.0,137.0,162.0,187.0,209.0,254.0,322.0,404.0,570.0,779.0,1157.0,1469.0,2160.0,2878.0,3505.0,4207.0,4899.0,5552.0,6360.0,6811.0,2552.9
Metropolitana,13,Pirque,13202,30433.0,0.0,0.0,0.0,4.0,4.0,9.0,10.0,12.0,13.0,14.0,16.0,19.0,30.0,43.0,51.0,58.0,92.0,107.0,136.0,169.0,231.0,289.0,324.0,388.0,418.0,453.0,1488.5
Metropolitana,13,Providencia,13123,157749.0,82.0,87.0,94.0,104.0,115.0,129.0,136.0,147.0,164.0,180.0,196.0,200.0,226.0,250.0,309.0,372.0,472.0,520.0,706.0,846.0,1071.0,1201.0,1403.0,1542.0,1737.0,1821.0,1154.4
Metropolitana,13,Pudahuel,13124,253139.0,17.0,25.0,32.0,44.0,52.0,67.0,78.0,88.0,103.0,118.0,137.0,167.0,233.0,288.0,372.0,491.0,622.0,744.0,1095.0,1376.0,1728.0,2288.0,2831.0,3201.0,3906.0,4840.0,1912.0
Metropolitana,13,Puente Alto,13201,645909.0,45.0,58.0,76.0,119.0,166.0,239.0,322.0,374.0,472.0,562.0,688.0,764.0,889.0,1129.0,1404.0,1658.0,2165.0,2780.0,3658.0,4495.0,5770.0,6698.0,7939.0,9143.0,10804.0,12212.0,1890.7
Metropolitana,13,Quilicura,13125,254694.0,17.0,29.0,33.0,51.0,57.0,79.0,94.0,101.0,112.0,129.0,164.0,236.0,423.0,546.0,758.0,826.0,1080.0,1193.0,1593.0,1968.0,2644.0,3091.0,3546.0,3887.0,4591.0,5053.0,1983.9
Metropolitana,13,Quinta Normal,13126,136368.0,21.0,25.0,35.0,41.0,57.0,69.0,84.0,105.0,125.0,149.0,172.0,194.0,262.0,306.0,377.0,459.0,560.0,627.0,879.0,1036.0,1255.0,1548.0,1897.0,2088.0,2511.0,2989.0,2191.9
Metropolitana,13,Recoleta,13127,190075.0,17.0,23.0,32.0,44.0,52.0,61.0,73.0,81.0,107.0,126.0,174.0,226.0,398.0,602.0,889.0,1028.0,1330.0,1516.0,2135.0,2560.0,3287.0,3623.0,4040.0,4358.0,4716.0,5124.0,2695.8
Metropolitana,13,Renca,13128,160847.0,9.0,14.0,18.0,19.0,22.0,28.0,42.0,50.0,70.0,82.0,107.0,131.0,185.0,255.0,342.0,418.0,510.0,605.0,967.0,1129.0,1374.0,1675.0,2180.0,2504.0,2884.0,3567.0,2217.6
Metropolitana,13,San Bernardo,13401,334836.0,32.0,41.0,53.0,74.0,79.0,117.0,140.0,156.0,198.0,237.0,318.0,372.0,435.0,544.0,683.0,773.0,1018.0,1247.0,1807.0,2116.0,2539.0,2877.0,3408.0,3845.0,4688.0,5280.0,1576.9
Metropolitana,13,San Joaquín,13129,103485.0,13.0,24.0,28.0,36.0,42.0,52.0,58.0,68.0,84.0,101.0,118.0,149.0,183.0,267.0,395.0,475.0,727.0,904.0,1325.0,1427.0,1603.0,1874.0,2068.0,2255.0,2534.0,2712.0,2620.7
Metropolitana,13,San José de Maipo,13203,18644.0,0.0,0.0,0.0,0.0,0.0,4.0,4.0,4.0,4.0,4.0,7.0,8.0,12.0,23.0,35.0,42.0,61.0,73.0,102.0,137.0,186.0,222.0,232.0,277.0,319.0,342.0,1834.4
Metropolitana,13,San Miguel,13130,133059.0,25.0,32.0,39.0,49.0,56.0,69.0,86.0,97.0,111.0,131.0,152.0,173.0,213.0,255.0,350.0,405.0,563.0,665.0,1015.0,1205.0,1444.0,1687.0,1988.0,2286.0,2597.0,2796.0,2101.3
Metropolitana,13,San Pedro,13505,11953.0,0.0,0.0,0.0,0.0,0.0,0.0,0.0,0.0,0.0,1.0,2.0,2.0,8.0,10.0,12.0,15.0,17.0,18.0,25.0,26.0,33.0,37.0,44.0,49.0,58.0,77.0,644.2
Metropolitana,13,San Ramón,13131,86510.0,0.0,6.0,9.0,9.0,12.0,18.0,20.0,27.0,32.0,42.0,66.0,90.0,144.0,220.0,327.0,381.0,638.0,719.0,1069.0,1329.0,1543.0,1698.0,1841.0,2107.0,2332.0,2549.0,2946.5
Metropolitana,13,Santiago,13101,503147.0,127.0,156.0,173.0,234.0,271.0,321.0,375.0,404.0,463.0,500.0,608.0,700.0,980.0,1294.0,1666.0,1873.0,2627.0,2961.0,3935.0,4618.0,5617.0,6278.0,7089.0,7786.0,8818.0,9412.0,1870.6
Metropolitana,13,Talagante,13601,81838.0,0.0,5.0,6.0,11.0,14.0,18.0,21.0,24.0,26.0,27.0,30.0,33.0,37.0,42.0,48.0,68.0,88.0,105.0,155.0,183.0,224.0,276.0,343.0,432.0,518.0,602.0,735.6
Metropolitana,13,Tiltil,13303,21477.0,0.0,0.0,0.0,0.0,4.0,4.0,4.0,4.0,4.0,5.0,5.0,5.0,9.0,12.0,12.0,13.0,21.0,24.0,40.0,69.0,112.0,121.0,134.0,140.0,185.0,226.0,1052.3
Metropolitana,13,Vitacura,13132,96774.0,83.0,90.0,100.0,114.0,114.0,119.0,127.0,128.0,130.0,132.0,133.0,138.0,152.0,164.0,211.0,251.0,325.0,370.0,485.0,569.0,646.0,712.0,780.0,859.0,936.0,992.0,1025.1
O’Higgins,6,Chépica,6302,15925.0,0.0,0.0,0.0,0.0,0.0,0.0,0.0,0.0,0.0,0.0,0.0,0.0,0.0,0.0,0.0,0.0,1.0,3.0,6.0,6.0,6.0,8.0,6.0,8.0,9.0,21.0,131.9
O’Higgins,6,Chimbarongo,6303,37696.0,0.0,0.0,0.0,0.0,0.0,0.0,2.0,4.0,4.0,2.0,2.0,2.0,2.0,2.0,2.0,2.0,5.0,5.0,6.0,11.0,16.0,19.0,23.0,32.0,42.0,46.0,122.0
O’Higgins,6,Codegua,6102,14096.0,0.0,0.0,0.0,0.0,0.0,0.0,0.0,0.0,0.0,1.0,1.0,1.0,2.0,2.0,2.0,3.0,3.0,4.0,6.0,6.0,8.0,9.0,11.0,14.0,18.0,25.0,177.4
O’Higgins,6,Coinco,6103,7831.0,0.0,0.0,0.0,0.0,0.0,0.0,0.0,0.0,0.0,0.0,1.0,1.0,1.0,1.0,2.0,2.0,4.0,5.0,8.0,9.0,14.0,14.0,17.0,19.0,23.0,26.0,332.0
O’Higgins,6,Coltauco,6104,21263.0,0.0,0.0,0.0,0.0,0.0,0.0,0.0,0.0,0.0,0.0,0.0,0.0,0.0,0.0,1.0,3.0,9.0,16.0,16.0,17.0,22.0,25.0,28.0,30.0,33.0,39.0,183.4
O’Higgins,6,Doñihue,6105,22700.0,0.0,0.0,0.0,0.0,0.0,0.0,0.0,0.0,0.0,0.0,1.0,1.0,2.0,2.0,4.0,6.0,10.0,14.0,20.0,23.0,31.0,32.0,35.0,45.0,50.0,56.0,246.7
O’Higgins,6,Graneros,6106,36504.0,0.0,0.0,0.0,0.0,0.0,0.0,0.0,0.0,0.0,0.0,2.0,2.0,2.0,2.0,10.0,17.0,23.0,27.0,32.0,36.0,45.0,45.0,47.0,61.0,72.0,96.0,263.0
O’Higgins,6,La Estrella,6202,3114.0,0.0,0.0,0.0,0.0,0.0,0.0,0.0,0.0,0.0,0.0,0.0,0.0,0.0,0.0,0.0,0.0,0.0,0.0,0.0,0.0,0.0,0.0,1.0,1.0,3.0,7.0,224.8
O’Higgins,6,Las Cabras,6107,26749.0,0.0,0.0,0.0,0.0,0.0,0.0,0.0,1.0,1.0,1.0,3.0,3.0,4.0,10.0,10.0,10.0,12.0,12.0,13.0,13.0,15.0,15.0,20.0,23.0,23.0,26.0,97.2
O’Higgins,6,Litueche,6203,6765.0,0.0,0.0,0.0,0.0,0.0,0.0,0.0,0.0,0.0,0.0,1.0,3.0,7.0,8.0,8.0,8.0,9.0,9.0,11.0,11.0,11.0,11.0,13.0,14.0,18.0,21.0,310.4
O’Higgins,6,Lolol,6304,7289.0,0.0,0.0,0.0,0.0,0.0,0.0,0.0,0.0,0.0,0.0,0.0,0.0,0.0,0.0,0.0,0.0,0.0,1.0,3.0,3.0,3.0,3.0,10.0,11.0,12.0,15.0,205.8
O’Higgins,6,Machalí,6108,59913.0,0.0,6.0,7.0,8.0,8.0,8.0,8.0,8.0,9.0,10.0,16.0,16.0,16.0,16.0,19.0,20.0,24.0,26.0,29.0,37.0,44.0,49.0,66.0,88.0,100.0,119.0,198.6
O’Higgins,6,Malloa,6109,14163.0,0.0,0.0,0.0,0.0,0.0,0.0,0.0,0.0,0.0,0.0,0.0,0.0,0.0,0.0,0.0,0.0,1.0,2.0,2.0,3.0,4.0,4.0,4.0,4.0,8.0,9.0,63.5
O’Higgins,6,Marchihue,6204,7632.0,0.0,0.0,0.0,0.0,0.0,0.0,0.0,0.0,0.0,0.0,0.0,0.0,0.0,0.0,0.0,0.0,0.0,0.0,0.0,0.0,0.0,0.0,1.0,4.0,4.0,7.0,91.7
O’Higgins,6,Mostazal,6110,27462.0,0.0,0.0,0.0,0.0,0.0,0.0,0.0,0.0,0.0,0.0,0.0,0.0,0.0,1.0,1.0,3.0,4.0,7.0,7.0,9.0,13.0,16.0,20.0,30.0,34.0,48.0,174.8
O’Higgins,6,Nancagua,6305,19141.0,0.0,0.0,0.0,0.0,0.0,0.0,0.0,0.0,0.0,0.0,0.0,0.0,1.0,1.0,1.0,2.0,3.0,4.0,5.0,8.0,12.0,13.0,16.0,18.0,27.0,43.0,224.6
O’Higgins,6,Navidad,6205,6904.0,0.0,0.0,0.0,0.0,0.0,0.0,0.0,0.0,0.0,0.0,0.0,0.0,2.0,2.0,2.0,4.0,8.0,8.0,10.0,10.0,10.0,11.0,13.0,18.0,20.0,27.0,391.1
O’Higgins,6,Olivar,6111,14624.0,0.0,0.0,0.0,0.0,0.0,0.0,6.0,7.0,7.0,6.0,6.0,6.0,6.0,6.0,6.0,7.0,13.0,14.0,16.0,18.0,19.0,20.0,25.0,27.0,30.0,36.0,246.2
O’Higgins,6,Palmilla,6306,13299.0,0.0,0.0,0.0,0.0,0.0,0.0,0.0,0.0,0.0,0.0,0.0,0.0,0.0,0.0,0.0,0.0,0.0,0.0,0.0,3.0,3.0,3.0,4.0,4.0,6.0,10.0,75.2
O’Higgins,6,Paredones,6206,6349.0,0.0,0.0,0.0,0.0,0.0,0.0,0.0,0.0,0.0,0.0,0.0,0.0,0.0,0.0,0.0,0.0,0.0,2.0,2.0,2.0,2.0,2.0,2.0,3.0,4.0,6.0,94.5
O’Higgins,6,Peralillo,6307,11848.0,0.0,0.0,0.0,0.0,0.0,0.0,0.0,0.0,0.0,0.0,0.0,0.0,0.0,0.0,0.0,0.0,0.0,0.0,2.0,2.0,2.0,3.0,6.0,9.0,21.0,29.0,244.8
O’Higgins,6,Peumo,6112,14952.0,0.0,0.0,0.0,0.0,0.0,0.0,1.0,1.0,1.0,1.0,1.0,1.0,2.0,2.0,3.0,3.0,4.0,4.0,5.0,6.0,7.0,7.0,7.0,8.0,9.0,12.0,80.3
O’Higgins,6,Pichidegua,6113,20743.0,0.0,0.0,0.0,0.0,0.0,0.0,0.0,0.0,0.0,0.0,0.0,0.0,0.0,0.0,1.0,1.0,2.0,5.0,6.0,8.0,9.0,11.0,12.0,12.0,15.0,15.0,72.3
O’Higgins,6,Pichilemu,6201,17882.0,0.0,0.0,0.0,0.0,0.0,0.0,0.0,0.0,0.0,0.0,0.0,0.0,0.0,0.0,0.0,1.0,1.0,4.0,5.0,8.0,8.0,9.0,11.0,14.0,15.0,16.0,89.5
O’Higgins,6,Placilla,6308,9164.0,0.0,0.0,0.0,0.0,0.0,0.0,1.0,2.0,2.0,1.0,1.0,1.0,1.0,1.0,1.0,1.0,2.0,4.0,4.0,6.0,6.0,7.0,8.0,13.0,16.0,20.0,218.2
O’Higgins,6,Pumanque,6309,3531.0,0.0,0.0,0.0,0.0,0.0,0.0,0.0,0.0,0.0,0.0,0.0,0.0,0.0,0.0,0.0,0.0,0.0,0.0,0.0,0.0,0.0,1.0,1.0,1.0,1.0,2.0,56.6
O’Higgins,6,Quinta de Tilcoco,6114,13877.0,0.0,0.0,0.0,0.0,0.0,0.0,3.0,3.0,3.0,1.0,1.0,1.0,1.0,1.0,1.0,1.0,1.0,2.0,2.0,2.0,2.0,2.0,4.0,4.0,5.0,7.0,50.4
O’Higgins,6,Rancagua,6101,265211.0,7.0,7.0,9.0,15.0,15.0,15.0,15.0,15.0,15.0,22.0,28.0,32.0,38.0,45.0,61.0,82.0,128.0,170.0,195.0,243.0,326.0,354.0,442.0,547.0,742.0,904.0,340.9
O’Higgins,6,Rengo,6115,63710.0,0.0,0.0,0.0,0.0,0.0,0.0,1.0,1.0,1.0,2.0,3.0,7.0,8.0,10.0,9.0,11.0,14.0,21.0,22.0,27.0,35.0,38.0,47.0,51.0,82.0,98.0,153.8
O’Higgins,6,Requínoa,6116,30371.0,0.0,0.0,0.0,0.0,0.0,0.0,1.0,1.0,1.0,2.0,3.0,4.0,4.0,4.0,5.0,5.0,8.0,9.0,10.0,10.0,19.0,20.0,31.0,36.0,43.0,51.0,167.9
O’Higgins,6,San Fernando,6301,78642.0,0.0,4.0,4.0,4.0,4.0,4.0,4.0,5.0,5.0,6.0,5.0,5.0,5.0,6.0,6.0,6.0,10.0,14.0,14.0,17.0,25.0,34.0,46.0,57.0,71.0,80.0,101.7
O’Higgins,6,San Vicente,6117,50617.0,0.0,0.0,4.0,4.0,4.0,4.0,4.0,4.0,4.0,4.0,4.0,4.0,8.0,9.0,11.0,14.0,20.0,25.0,35.0,40.0,43.0,45.0,51.0,52.0,67.0,81.0,160.0
O’Higgins,6,Santa Cruz,6310,41096.0,0.0,0.0,0.0,0.0,0.0,0.0,2.0,2.0,2.0,1.0,2.0,2.0,2.0,2.0,2.0,3.0,5.0,6.0,11.0,12.0,13.0,15.0,19.0,22.0,35.0,46.0,111.9
Maule,7,Cauquenes,7201,44143.0,0.0,0.0,0.0,4.0,4.0,4.0,4.0,4.0,8.0,10.0,12.0,13.0,13.0,13.0,13.0,14.0,20.0,23.0,26.0,32.0,44.0,63.0,91.0,143.0,141.0,164.0,371.5
Maule,7,Chanco,7202,9331.0,0.0,0.0,0.0,0.0,0.0,0.0,0.0,0.0,0.0,2.0,2.0,3.0,3.0,3.0,3.0,3.0,3.0,3.0,3.0,3.0,3.0,4.0,4.0,6.0,11.0,13.0,139.3
Maule,7,Colbún,7402,22565.0,0.0,4.0,4.0,5.0,5.0,5.0,5.0,5.0,6.0,5.0,6.0,6.0,6.0,6.0,6.0,9.0,10.0,13.0,19.0,20.0,32.0,33.0,42.0,46.0,53.0,60.0,265.9
Maule,7,Constitución,7102,50348.0,0.0,0.0,0.0,0.0,5.0,5.0,5.0,4.0,11.0,11.0,18.0,19.0,21.0,23.0,23.0,23.0,26.0,27.0,28.0,31.0,33.0,35.0,39.0,42.0,50.0,62.0,123.1
Maule,7,Curepto,7103,9426.0,0.0,0.0,0.0,0.0,0.0,0.0,3.0,3.0,3.0,7.0,8.0,8.0,8.0,8.0,8.0,9.0,9.0,10.0,12.0,14.0,12.0,13.0,13.0,13.0,13.0,14.0,148.5
Maule,7,Curicó,7301,163626.0,6.0,8.0,11.0,13.0,13.0,17.0,20.0,23.0,24.0,31.0,31.0,37.0,45.0,45.0,51.0,56.0,63.0,83.0,116.0,163.0,231.0,279.0,429.0,534.0,677.0,780.0,476.7
Maule,7,Empedrado,7104,4206.0,0.0,0.0,0.0,0.0,0.0,0.0,0.0,0.0,0.0,0.0,0.0,0.0,0.0,0.0,0.0,0.0,0.0,0.0,0.0,0.0,0.0,0.0,0.0,1.0,1.0,3.0,71.3
Maule,7,Hualañé,7302,10222.0,0.0,0.0,0.0,0.0,0.0,0.0,0.0,0.0,0.0,0.0,0.0,0.0,0.0,0.0,0.0,0.0,0.0,0.0,1.0,7.0,18.0,21.0,46.0,63.0,76.0,81.0,792.4
Maule,7,Licantén,7303,6989.0,0.0,0.0,0.0,0.0,0.0,0.0,0.0,0.0,1.0,2.0,2.0,2.0,2.0,2.0,2.0,2.0,2.0,2.0,2.0,2.0,2.0,2.0,2.0,2.0,8.0,8.0,114.5
Maule,7,Linares,7401,101073.0,4.0,6.0,10.0,11.0,12.0,13.0,13.0,13.0,15.0,22.0,22.0,24.0,27.0,27.0,31.0,34.0,46.0,49.0,60.0,65.0,75.0,84.0,103.0,107.0,129.0,162.0,160.3
Maule,7,Longaví,7403,32810.0,0.0,0.0,0.0,0.0,0.0,0.0,2.0,2.0,3.0,3.0,4.0,4.0,4.0,4.0,6.0,7.0,10.0,13.0,19.0,20.0,27.0,31.0,44.0,49.0,68.0,94.0,286.5
Maule,7,Maule,7105,60000.0,0.0,0.0,0.0,0.0,0.0,0.0,4.0,5.0,10.0,13.0,22.0,22.0,23.0,23.0,24.0,24.0,28.0,29.0,36.0,45.0,50.0,52.0,78.0,90.0,105.0,111.0,185.0
Maule,7,Molina,7304,49800.0,0.0,0.0,0.0,0.0,0.0,0.0,3.0,3.0,4.0,5.0,7.0,7.0,7.0,7.0,8.0,9.0,8.0,8.0,10.0,13.0,20.0,23.0,33.0,46.0,55.0,62.0,124.5
Maule,7,Parral,7404,44544.0,4.0,0.0,0.0,0.0,4.0,5.0,6.0,6.0,6.0,6.0,9.0,9.0,9.0,9.0,9.0,9.0,11.0,13.0,21.0,34.0,56.0,72.0,96.0,106.0,130.0,143.0,321.0
Maule,7,Pelarco,7106,9083.0,0.0,0.0,0.0,0.0,0.0,0.0,3.0,3.0,5.0,5.0,5.0,5.0,5.0,5.0,6.0,8.0,13.0,13.0,17.0,19.0,19.0,21.0,23.0,26.0,33.0,33.0,363.3
Maule,7,Pelluhue,7203,8092.0,0.0,0.0,0.0,0.0,0.0,0.0,1.0,1.0,1.0,1.0,2.0,2.0,2.0,2.0,2.0,2.0,5.0,7.0,10.0,10.0,10.0,10.0,12.0,12.0,30.0,32.0,395.5
Maule,7,Pencahue,7107,8601.0,0.0,0.0,0.0,0.0,0.0,0.0,0.0,0.0,1.0,2.0,3.0,3.0,3.0,3.0,3.0,3.0,3.0,3.0,3.0,5.0,12.0,12.0,14.0,14.0,17.0,18.0,209.3
Maule,7,Rauco,7305,11248.0,0.0,0.0,0.0,0.0,0.0,0.0,2.0,2.0,2.0,2.0,2.0,2.0,2.0,2.0,2.0,2.0,2.0,3.0,4.0,6.0,10.0,12.0,17.0,17.0,20.0,28.0,248.9
Maule,7,Retiro,7405,21071.0,0.0,0.0,0.0,0.0,0.0,0.0,1.0,1.0,2.0,2.0,1.0,1.0,1.0,1.0,2.0,2.0,2.0,2.0,3.0,6.0,13.0,19.0,49.0,59.0,68.0,78.0,370.2
Maule,7,Río Claro,7108,14753.0,0.0,0.0,0.0,0.0,0.0,0.0,3.0,3.0,6.0,6.0,7.0,7.0,8.0,9.0,9.0,9.0,11.0,11.0,13.0,14.0,14.0,16.0,19.0,22.0,25.0,26.0,176.2
Maule,7,Romeral,7306,16170.0,0.0,0.0,0.0,0.0,0.0,0.0,3.0,4.0,5.0,12.0,13.0,13.0,13.0,13.0,13.0,13.0,13.0,13.0,13.0,15.0,18.0,32.0,44.0,53.0,70.0,76.0,470.0
Maule,7,Sagrada Familia,7307,19469.0,0.0,0.0,0.0,0.0,0.0,0.0,1.0,1.0,1.0,1.0,2.0,2.0,2.0,2.0,2.0,2.0,2.0,2.0,3.0,3.0,6.0,6.0,10.0,14.0,23.0,32.0,164.4
Maule,7,San Clemente,7109,46292.0,0.0,0.0,0.0,0.0,0.0,0.0,0.0,0.0,4.0,7.0,9.0,9.0,10.0,10.0,14.0,19.0,23.0,25.0,36.0,44.0,55.0,60.0,78.0,88.0,111.0,129.0,278.7
Maule,7,San Javier,7406,49451.0,0.0,0.0,0.0,7.0,7.0,8.0,8.0,9.0,11.0,16.0,20.0,20.0,23.0,23.0,25.0,27.0,34.0,34.0,41.0,45.0,49.0,54.0,66.0,82.0,104.0,120.0,242.7
Maule,7,San Rafael,7110,9959.0,0.0,0.0,0.0,0.0,0.0,0.0,2.0,2.0,2.0,2.0,3.0,3.0,3.0,3.0,4.0,4.0,6.0,12.0,29.0,41.0,45.0,48.0,55.0,59.0,65.0,71.0,712.9
Maule,7,Talca,7101,236724.0,34.0,37.0,42.0,48.0,51.0,51.0,51.0,57.0,91.0,133.0,145.0,149.0,160.0,162.0,163.0,166.0,191.0,203.0,247.0,283.0,311.0,329.0,392.0,433.0,530.0,607.0,256.4
Maule,7,Teno,7308,30850.0,0.0,0.0,0.0,0.0,0.0,0.0,1.0,1.0,1.0,2.0,2.0,2.0,4.0,4.0,5.0,7.0,8.0,8.0,9.0,11.0,12.0,12.0,15.0,22.0,31.0,34.0,110.2
Maule,7,Vichuquén,7309,4381.0,0.0,0.0,0.0,0.0,0.0,0.0,0.0,0.0,0.0,0.0,0.0,0.0,0.0,0.0,0.0,0.0,0.0,0.0,0.0,0.0,0.0,0.0,0.0,0.0,0.0,0.0,0.0
Maule,7,Villa Alegre,7407,17512.0,0.0,0.0,0.0,0.0,0.0,0.0,0.0,0.0,0.0,1.0,1.0,2.0,2.0,2.0,2.0,2.0,3.0,3.0,4.0,5.0,6.0,6.0,12.0,17.0,23.0,30.0,171.3
Maule,7,Yerbas Buenas,7408,19200.0,0.0,0.0,0.0,0.0,0.0,0.0,0.0,0.0,0.0,1.0,1.0,1.0,2.0,2.0,3.0,3.0,5.0,8.0,15.0,18.0,24.0,28.0,46.0,48.0,59.0,62.0,322.9
Ñuble,16,Bulnes,16102,22607.0,12.0,18.0,32.0,36.0,45.0,48.0,48.0,48.0,48.0,54.0,59.0,60.0,62.0,72.0,77.0,80.0,108.0,132.0,138.0,160.0,169.0,178.0,189.0,197.0,201.0,205.0,906.8
Ñuble,16,Chillán,16101,198624.0,114.0,173.0,240.0,291.0,327.0,342.0,355.0,373.0,387.0,395.0,411.0,405.0,414.0,415.0,418.0,429.0,444.0,493.0,505.0,550.0,582.0,601.0,648.0,700.0,767.0,807.0,406.3
Ñuble,16,Chillán Viejo,16103,33827.0,13.0,22.0,26.0,30.0,34.0,40.0,44.0,45.0,45.0,49.0,52.0,55.0,55.0,55.0,55.0,57.0,61.0,67.0,72.0,91.0,97.0,100.0,107.0,115.0,126.0,130.0,384.3
Ñuble,16,Cobquecura,16202,5275.0,0.0,0.0,0.0,0.0,0.0,0.0,0.0,0.0,0.0,0.0,0.0,0.0,0.0,0.0,0.0,0.0,0.0,0.0,0.0,0.0,0.0,0.0,0.0,0.0,0.0,0.0,0.0
Ñuble,16,Coelemu,16203,16845.0,0.0,0.0,0.0,0.0,4.0,4.0,4.0,4.0,4.0,4.0,4.0,4.0,4.0,4.0,4.0,4.0,4.0,5.0,6.0,8.0,18.0,21.0,25.0,29.0,35.0,35.0,207.8
Ñuble,16,Coihueco,16302,28375.0,0.0,0.0,0.0,6.0,7.0,8.0,11.0,11.0,14.0,21.0,24.0,25.0,40.0,42.0,42.0,42.0,45.0,50.0,50.0,52.0,53.0,53.0,53.0,54.0,61.0,62.0,218.5
Ñuble,16,El Carmen,16104,12334.0,0.0,0.0,0.0,0.0,0.0,0.0,3.0,3.0,3.0,3.0,3.0,3.0,3.0,3.0,3.0,4.0,4.0,5.0,6.0,7.0,16.0,17.0,25.0,27.0,28.0,31.0,251.3
Ñuble,16,Ninhue,16204,5414.0,0.0,0.0,0.0,0.0,0.0,0.0,2.0,3.0,3.0,4.0,4.0,4.0,4.0,4.0,4.0,4.0,4.0,5.0,5.0,6.0,6.0,10.0,12.0,11.0,12.0,15.0,277.1
Ñuble,16,Ñiquén,16303,11567.0,0.0,0.0,0.0,0.0,0.0,0.0,2.0,2.0,2.0,3.0,3.0,3.0,3.0,3.0,3.0,3.0,3.0,3.0,4.0,9.0,9.0,11.0,20.0,28.0,32.0,41.0,354.5
Ñuble,16,Pemuco,16105,8639.0,0.0,0.0,0.0,0.0,0.0,0.0,4.0,4.0,4.0,5.0,5.0,6.0,6.0,6.0,6.0,7.0,9.0,10.0,10.0,10.0,11.0,11.0,15.0,16.0,16.0,20.0,231.5
Ñuble,16,Pinto,16106,11880.0,0.0,0.0,6.0,9.0,10.0,10.0,10.0,10.0,10.0,11.0,11.0,12.0,12.0,12.0,12.0,12.0,12.0,14.0,17.0,15.0,15.0,15.0,15.0,17.0,17.0,18.0,151.5
Ñuble,16,Portezuelo,16205,4940.0,0.0,0.0,0.0,0.0,0.0,0.0,1.0,0.0,0.0,0.0,0.0,0.0,0.0,0.0,0.0,0.0,2.0,4.0,7.0,7.0,7.0,7.0,7.0,7.0,7.0,7.0,141.7
Ñuble,16,Quillón,16107,18777.0,4.0,7.0,15.0,17.0,22.0,22.0,23.0,23.0,24.0,26.0,26.0,28.0,30.0,32.0,32.0,33.0,33.0,39.0,39.0,44.0,53.0,55.0,67.0,76.0,88.0,95.0,505.9
Ñuble,16,Quirihue,16201,12192.0,0.0,0.0,0.0,0.0,4.0,4.0,4.0,2.0,3.0,3.0,4.0,4.0,4.0,4.0,4.0,8.0,12.0,16.0,16.0,16.0,17.0,20.0,21.0,21.0,23.0,23.0,188.6
Ñuble,16,Ranquil,16206,6261.0,0.0,0.0,5.0,7.0,9.0,9.0,10.0,9.0,9.0,9.0,9.0,10.0,10.0,10.0,10.0,10.0,10.0,10.0,10.0,10.0,10.0,10.0,10.0,10.0,12.0,12.0,191.7
Ñuble,16,San Carlos,16301,56252.0,8.0,13.0,13.0,19.0,28.0,29.0,31.0,31.0,31.0,32.0,34.0,34.0,35.0,36.0,37.0,42.0,46.0,48.0,52.0,55.0,67.0,71.0,91.0,113.0,145.0,158.0,280.9
Ñuble,16,San Fabián,16304,4654.0,0.0,5.0,6.0,6.0,6.0,6.0,6.0,6.0,6.0,6.0,7.0,8.0,8.0,8.0,8.0,8.0,8.0,8.0,8.0,8.0,8.0,8.0,8.0,8.0,8.0,8.0,171.9
Ñuble,16,San Ignacio,16108,16624.0,0.0,0.0,0.0,6.0,6.0,6.0,6.0,4.0,4.0,4.0,5.0,6.0,8.0,10.0,11.0,11.0,11.0,14.0,14.0,16.0,24.0,26.0,30.0,33.0,45.0,65.0,391.0
Ñuble,16,San Nicolás,16305,12172.0,0.0,0.0,4.0,10.0,11.0,12.0,12.0,14.0,14.0,14.0,14.0,16.0,16.0,14.0,15.0,15.0,17.0,17.0,19.0,25.0,26.0,26.0,33.0,35.0,40.0,43.0,353.3
Ñuble,16,Treguaco,16207,5696.0,0.0,0.0,0.0,0.0,0.0,0.0,0.0,0.0,0.0,0.0,0.0,0.0,0.0,0.0,0.0,0.0,0.0,0.0,0.0,0.0,1.0,1.0,1.0,2.0,3.0,3.0,52.7
Ñuble,16,Yungay,16109,18596.0,0.0,7.0,10.0,26.0,37.0,38.0,42.0,42.0,45.0,46.0,46.0,48.0,52.0,55.0,55.0,55.0,57.0,58.0,59.0,59.0,62.0,62.0,63.0,67.0,69.0,72.0,387.2
Biobío,8,Alto Biobío,8314,6775.0,0.0,0.0,0.0,0.0,0.0,0.0,0.0,1.0,1.0,1.0,0.0,0.0,0.0,0.0,0.0,0.0,0.0,0.0,1.0,17.0,45.0,88.0,98.0,120.0,123.0,132.0,1948.3
Biobío,8,Antuco,8302,4306.0,0.0,0.0,0.0,0.0,0.0,0.0,0.0,0.0,0.0,0.0,0.0,0.0,0.0,0.0,1.0,2.0,3.0,4.0,4.0,4.0,14.0,16.0,18.0,19.0,23.0,24.0,557.4
Biobío,8,Arauco,8202,38679.0,0.0,5.0,6.0,6.0,6.0,6.0,6.0,5.0,6.0,6.0,6.0,6.0,6.0,6.0,11.0,15.0,15.0,18.0,28.0,34.0,44.0,63.0,68.0,75.0,85.0,91.0,235.3
Biobío,8,Cabrero,8303,30725.0,0.0,0.0,0.0,0.0,0.0,4.0,7.0,8.0,9.0,9.0,13.0,15.0,16.0,16.0,22.0,22.0,23.0,24.0,26.0,26.0,27.0,29.0,30.0,34.0,37.0,45.0,146.5
Biobío,8,Cañete,8203,37003.0,0.0,0.0,0.0,0.0,0.0,0.0,0.0,0.0,0.0,0.0,0.0,0.0,0.0,0.0,1.0,0.0,0.0,0.0,3.0,9.0,11.0,14.0,15.0,20.0,21.0,21.0,56.8
Biobío,8,Chiguayante,8103,91180.0,6.0,18.0,26.0,32.0,35.0,40.0,41.0,37.0,39.0,41.0,57.0,58.0,61.0,69.0,71.0,75.0,77.0,84.0,87.0,88.0,97.0,108.0,119.0,126.0,149.0,163.0,178.8
Biobío,8,Concepción,8101,238092.0,28.0,47.0,53.0,70.0,73.0,81.0,92.0,130.0,142.0,149.0,136.0,139.0,147.0,141.0,159.0,171.0,177.0,184.0,209.0,236.0,284.0,321.0,355.0,385.0,464.0,541.0,227.2
Biobío,8,Contulmo,8204,6330.0,0.0,0.0,0.0,0.0,0.0,0.0,0.0,0.0,0.0,0.0,0.0,0.0,0.0,0.0,0.0,0.0,0.0,0.0,0.0,0.0,0.0,0.0,1.0,1.0,1.0,1.0,15.8
Biobío,8,Coronel,8102,125829.0,0.0,11.0,12.0,13.0,18.0,18.0,18.0,15.0,15.0,15.0,16.0,18.0,21.0,22.0,29.0,30.0,39.0,46.0,56.0,66.0,111.0,159.0,196.0,216.0,275.0,309.0,245.6
Biobío,8,Curanilahue,8205,33892.0,0.0,0.0,0.0,0.0,0.0,0.0,1.0,1.0,1.0,1.0,2.0,2.0,1.0,1.0,3.0,3.0,4.0,5.0,5.0,5.0,6.0,7.0,8.0,13.0,22.0,26.0,76.7
Biobío,8,Florida,8104,11841.0,0.0,0.0,0.0,0.0,0.0,0.0,2.0,4.0,4.0,4.0,3.0,3.0,3.0,3.0,3.0,3.0,3.0,3.0,4.0,4.0,5.0,5.0,5.0,5.0,6.0,7.0,59.1
Biobío,8,Hualpén,8112,97273.0,0.0,39.0,50.0,67.0,74.0,83.0,93.0,65.0,70.0,77.0,103.0,104.0,103.0,115.0,120.0,123.0,130.0,133.0,142.0,146.0,152.0,159.0,175.0,184.0,199.0,217.0,223.1
Biobío,8,Hualqui,8105,26201.0,0.0,0.0,0.0,7.0,7.0,7.0,8.0,9.0,13.0,15.0,19.0,19.0,20.0,20.0,20.0,21.0,22.0,24.0,27.0,33.0,42.0,43.0,46.0,50.0,53.0,56.0,213.7
Biobío,8,Laja,8304,23873.0,0.0,0.0,0.0,5.0,5.0,5.0,6.0,7.0,7.0,7.0,10.0,12.0,12.0,12.0,15.0,24.0,42.0,51.0,54.0,57.0,59.0,62.0,67.0,67.0,72.0,76.0,318.4
Biobío,8,Lebu,8201,27100.0,0.0,0.0,0.0,0.0,0.0,0.0,0.0,0.0,0.0,0.0,0.0,0.0,0.0,0.0,0.0,2.0,2.0,2.0,2.0,2.0,2.0,3.0,3.0,8.0,9.0,11.0,40.6
Biobío,8,Los Álamos,8206,22524.0,0.0,0.0,0.0,0.0,0.0,0.0,0.0,0.0,0.0,0.0,1.0,1.0,1.0,1.0,1.0,1.0,1.0,1.0,1.0,2.0,2.0,2.0,3.0,3.0,5.0,7.0,31.1
Biobío,8,Los Ángeles,8301,218515.0,11.0,15.0,12.0,17.0,22.0,22.0,22.0,25.0,26.0,30.0,31.0,31.0,31.0,31.0,33.0,45.0,71.0,96.0,137.0,160.0,208.0,236.0,295.0,327.0,368.0,400.0,183.1
Biobío,8,Lota,8106,45750.0,0.0,0.0,0.0,0.0,0.0,0.0,1.0,1.0,1.0,1.0,1.0,1.0,1.0,2.0,9.0,13.0,15.0,24.0,32.0,35.0,44.0,54.0,61.0,70.0,80.0,88.0,192.3
Biobío,8,Mulchén,8305,31041.0,0.0,5.0,5.0,5.0,5.0,5.0,5.0,5.0,5.0,5.0,5.0,5.0,5.0,6.0,7.0,9.0,10.0,11.0,11.0,11.0,14.0,20.0,22.0,24.0,27.0,27.0,87.0
Biobío,8,Nacimiento,8306,27944.0,0.0,0.0,0.0,0.0,4.0,5.0,9.0,10.0,10.0,10.0,10.0,10.0,10.0,12.0,16.0,20.0,21.0,24.0,28.0,32.0,35.0,37.0,38.0,42.0,46.0,58.0,207.6
Biobío,8,Negrete,8307,10429.0,0.0,0.0,0.0,0.0,0.0,0.0,2.0,2.0,2.0,2.0,2.0,2.0,2.0,2.0,2.0,5.0,9.0,16.0,25.0,27.0,30.0,39.0,39.0,43.0,58.0,65.0,623.3
Biobío,8,Penco,8107,49865.0,0.0,0.0,0.0,5.0,5.0,5.0,9.0,11.0,12.0,15.0,17.0,18.0,19.0,20.0,20.0,21.0,22.0,23.0,24.0,26.0,33.0,37.0,45.0,63.0,82.0,103.0,206.6
Biobío,8,Quilaco,8308,4179.0,0.0,0.0,0.0,0.0,0.0,0.0,0.0,0.0,0.0,0.0,0.0,0.0,0.0,0.0,0.0,0.0,0.0,0.0,0.0,0.0,0.0,0.0,1.0,3.0,5.0,5.0,119.6
Biobío,8,Quilleco,8309,10032.0,0.0,0.0,0.0,0.0,0.0,0.0,0.0,0.0,0.0,1.0,1.0,0.0,0.0,0.0,0.0,0.0,0.0,0.0,0.0,1.0,1.0,2.0,3.0,5.0,6.0,6.0,59.8
Biobío,8,San Pedro de la Paz,8108,145906.0,18.0,50.0,56.0,63.0,71.0,73.0,80.0,75.0,75.0,85.0,99.0,99.0,100.0,106.0,109.0,112.0,117.0,119.0,133.0,147.0,183.0,197.0,216.0,236.0,279.0,318.0,217.9
Biobío,8,San Rosendo,8310,3611.0,0.0,0.0,0.0,0.0,0.0,0.0,0.0,0.0,0.0,0.0,0.0,0.0,0.0,0.0,0.0,0.0,0.0,2.0,2.0,2.0,2.0,2.0,3.0,5.0,5.0,5.0,138.5
Biobío,8,Santa Bárbara,8311,14592.0,0.0,0.0,0.0,0.0,0.0,0.0,2.0,3.0,3.0,3.0,3.0,2.0,2.0,2.0,2.0,2.0,7.0,13.0,14.0,18.0,26.0,34.0,40.0,43.0,45.0,50.0,342.7
Biobío,8,Santa Juana,8109,14779.0,0.0,0.0,0.0,0.0,0.0,0.0,0.0,0.0,0.0,1.0,2.0,2.0,2.0,2.0,2.0,2.0,2.0,2.0,2.0,2.0,2.0,3.0,4.0,8.0,16.0,21.0,142.1
Biobío,8,Talcahuano,8110,158345.0,0.0,23.0,29.0,36.0,45.0,46.0,56.0,82.0,85.0,97.0,90.0,95.0,103.0,109.0,118.0,127.0,136.0,143.0,161.0,167.0,189.0,206.0,244.0,262.0,289.0,313.0,197.7
Biobío,8,Tirúa,8207,11019.0,0.0,0.0,0.0,4.0,4.0,4.0,4.0,4.0,4.0,4.0,4.0,4.0,4.0,4.0,4.0,4.0,4.0,4.0,4.0,4.0,4.0,4.0,4.0,4.0,6.0,8.0,72.6
Biobío,8,Tomé,8111,58729.0,4.0,6.0,9.0,25.0,30.0,30.0,37.0,37.0,37.0,41.0,50.0,50.0,50.0,49.0,50.0,63.0,67.0,71.0,73.0,75.0,79.0,85.0,96.0,107.0,135.0,145.0,246.9
Biobío,8,Tucapel,8312,15205.0,,0.0,0.0,0.0,0.0,0.0,1.0,0.0,1.0,1.0,1.0,1.0,1.0,1.0,1.0,1.0,1.0,4.0,4.0,7.0,8.0,12.0,24.0,35.0,49.0,50.0,328.8
Biobío,8,Yumbel,8313,22132.0,5.0,5.0,5.0,5.0,5.0,5.0,5.0,5.0,5.0,6.0,6.0,6.0,6.0,7.0,10.0,14.0,14.0,14.0,14.0,19.0,24.0,27.0,32.0,35.0,37.0,44.0,198.8
Araucanía,9,Angol,9201,56058.0,7.0,13.0,12.0,15.0,23.0,24.0,28.0,36.0,38.0,51.0,75.0,80.0,106.0,110.0,112.0,118.0,122.0,124.0,127.0,138.0,149.0,157.0,172.0,185.0,226.0,262.0,467.4
Araucanía,9,Carahue,9102,25486.0,0.0,0.0,0.0,0.0,6.0,6.0,18.0,20.0,22.0,26.0,30.0,31.0,30.0,34.0,35.0,36.0,35.0,36.0,39.0,45.0,50.0,53.0,63.0,69.0,68.0,69.0,270.7
Araucanía,9,Cholchol,9121,12341.0,0.0,0.0,0.0,0.0,0.0,4.0,4.0,4.0,5.0,5.0,5.0,5.0,6.0,6.0,4.0,4.0,5.0,5.0,6.0,6.0,6.0,7.0,16.0,22.0,24.0,24.0,194.5
Araucanía,9,Collipulli,9202,26148.0,0.0,0.0,0.0,0.0,0.0,0.0,1.0,1.0,0.0,1.0,2.0,3.0,4.0,4.0,6.0,6.0,6.0,7.0,12.0,20.0,26.0,29.0,30.0,34.0,38.0,41.0,156.8
Araucanía,9,Cunco,9103,18055.0,0.0,0.0,0.0,5.0,5.0,5.0,5.0,6.0,6.0,6.0,6.0,6.0,5.0,5.0,6.0,6.0,6.0,7.0,20.0,26.0,29.0,29.0,31.0,39.0,45.0,49.0,271.4
Araucanía,9,Curacautín,9203,18178.0,0.0,0.0,0.0,0.0,0.0,5.0,5.0,5.0,5.0,5.0,6.0,6.0,5.0,6.0,6.0,7.0,7.0,7.0,7.0,7.0,7.0,8.0,8.0,8.0,10.0,18.0,99.0
Araucanía,9,Curarrehue,9104,7802.0,0.0,0.0,0.0,0.0,4.0,4.0,4.0,4.0,4.0,4.0,4.0,4.0,4.0,4.0,4.0,4.0,4.0,4.0,4.0,4.0,4.0,4.0,4.0,4.0,4.0,4.0,51.3
Araucanía,9,Ercilla,9204,8458.0,0.0,0.0,0.0,0.0,0.0,0.0,3.0,3.0,4.0,7.0,8.0,8.0,10.0,10.0,11.0,11.0,11.0,11.0,11.0,11.0,11.0,16.0,16.0,16.0,16.0,18.0,212.8
Araucanía,9,Freire,9105,25446.0,0.0,0.0,5.0,5.0,5.0,5.0,5.0,5.0,5.0,6.0,7.0,7.0,7.0,7.0,7.0,9.0,19.0,26.0,29.0,40.0,57.0,66.0,73.0,81.0,90.0,95.0,373.3
Araucanía,9,Galvarino,9106,12633.0,0.0,0.0,0.0,0.0,0.0,0.0,2.0,2.0,2.0,2.0,2.0,2.0,2.0,2.0,4.0,4.0,4.0,4.0,3.0,4.0,8.0,17.0,47.0,61.0,87.0,97.0,767.8
Araucanía,9,Gorbea,9107,15148.0,4.0,6.0,7.0,10.0,10.0,10.0,10.0,10.0,10.0,10.0,12.0,12.0,12.0,12.0,13.0,13.0,14.0,15.0,17.0,18.0,19.0,20.0,20.0,25.0,30.0,33.0,217.9
Araucanía,9,Lautaro,9108,40746.0,0.0,8.0,10.0,16.0,19.0,19.0,22.0,25.0,27.0,30.0,34.0,38.0,38.0,40.0,45.0,53.0,55.0,55.0,56.0,61.0,66.0,78.0,89.0,94.0,99.0,102.0,250.3
Araucanía,9,Loncoche,9109,24739.0,0.0,0.0,4.0,4.0,6.0,6.0,6.0,9.0,9.0,9.0,9.0,10.0,18.0,18.0,20.0,20.0,20.0,20.0,21.0,21.0,35.0,41.0,46.0,46.0,49.0,49.0,198.1
Araucanía,9,Lonquimay,9205,11049.0,0.0,0.0,0.0,0.0,0.0,0.0,0.0,0.0,0.0,0.0,0.0,0.0,0.0,0.0,5.0,9.0,18.0,31.0,55.0,60.0,61.0,61.0,62.0,64.0,66.0,66.0,597.3
Araucanía,9,Los Sauces,9206,7517.0,0.0,0.0,0.0,0.0,0.0,0.0,0.0,0.0,0.0,0.0,0.0,0.0,1.0,1.0,1.0,1.0,1.0,1.0,1.0,1.0,2.0,2.0,4.0,6.0,7.0,7.0,93.1
Araucanía,9,Lumaco,9207,10050.0,0.0,0.0,0.0,0.0,0.0,0.0,0.0,0.0,0.0,0.0,0.0,1.0,6.0,6.0,7.0,7.0,7.0,7.0,8.0,8.0,8.0,11.0,14.0,14.0,14.0,15.0,149.3
Araucanía,9,Melipeuco,9110,6265.0,0.0,0.0,0.0,0.0,0.0,0.0,0.0,0.0,0.0,0.0,0.0,0.0,0.0,0.0,0.0,0.0,0.0,0.0,0.0,3.0,5.0,5.0,8.0,8.0,8.0,8.0,127.7
Araucanía,9,Nueva Imperial,9111,33777.0,0.0,0.0,11.0,16.0,20.0,22.0,25.0,32.0,34.0,37.0,36.0,44.0,47.0,47.0,41.0,44.0,52.0,52.0,52.0,53.0,54.0,55.0,56.0,64.0,80.0,89.0,263.5
Araucanía,9,Padre Las Casas,9112,82110.0,9.0,14.0,33.0,44.0,49.0,49.0,49.0,52.0,58.0,71.0,78.0,87.0,98.0,99.0,100.0,101.0,115.0,119.0,127.0,135.0,143.0,154.0,163.0,165.0,166.0,168.0,204.6
Araucanía,9,Perquenco,9113,7223.0,0.0,0.0,0.0,0.0,0.0,0.0,3.0,3.0,4.0,6.0,6.0,6.0,5.0,5.0,5.0,5.0,5.0,5.0,5.0,5.0,5.0,5.0,11.0,11.0,15.0,15.0,207.7
Araucanía,9,Pitrufquén,9114,26096.0,4.0,6.0,7.0,11.0,12.0,12.0,16.0,18.0,17.0,19.0,19.0,19.0,20.0,20.0,18.0,18.0,18.0,20.0,25.0,33.0,41.0,47.0,58.0,63.0,68.0,70.0,268.2
Araucanía,9,Pucón,9115,29782.0,0.0,0.0,0.0,4.0,5.0,5.0,5.0,6.0,10.0,11.0,12.0,14.0,14.0,14.0,16.0,16.0,17.0,18.0,19.0,24.0,27.0,36.0,50.0,52.0,55.0,60.0,201.5
Araucanía,9,Purén,9208,12188.0,0.0,0.0,0.0,0.0,0.0,0.0,2.0,2.0,2.0,2.0,2.0,2.0,3.0,4.0,6.0,7.0,7.0,7.0,7.0,7.0,8.0,9.0,9.0,9.0,9.0,9.0,73.8
Araucanía,9,Renaico,9209,10833.0,0.0,0.0,0.0,0.0,0.0,0.0,2.0,2.0,2.0,3.0,4.0,4.0,4.0,5.0,12.0,12.0,14.0,16.0,19.0,21.0,22.0,25.0,25.0,26.0,26.0,29.0,267.7
Araucanía,9,Saavedra,9116,12793.0,0.0,0.0,0.0,0.0,0.0,0.0,1.0,0.0,1.0,8.0,15.0,16.0,24.0,33.0,42.0,52.0,67.0,74.0,80.0,82.0,84.0,87.0,87.0,91.0,92.0,95.0,742.6
Araucanía,9,Temuco,9101,302931.0,154.0,225.0,293.0,365.0,407.0,443.0,471.0,506.0,547.0,605.0,644.0,665.0,673.0,683.0,711.0,734.0,752.0,782.0,793.0,812.0,824.0,830.0,838.0,849.0,857.0,871.0,287.5
Araucanía,9,Teodoro Schmidt,9117,15786.0,0.0,4.0,0.0,0.0,0.0,4.0,5.0,5.0,5.0,5.0,6.0,6.0,6.0,6.0,5.0,5.0,5.0,5.0,7.0,6.0,8.0,10.0,10.0,10.0,10.0,11.0,69.7
Araucanía,9,Toltén,9118,10055.0,0.0,0.0,4.0,5.0,7.0,7.0,7.0,6.0,6.0,6.0,6.0,6.0,6.0,6.0,8.0,8.0,8.0,8.0,8.0,14.0,15.0,16.0,16.0,16.0,16.0,16.0,159.1
Araucanía,9,Traiguén,9210,19314.0,0.0,0.0,0.0,0.0,0.0,0.0,2.0,2.0,2.0,3.0,3.0,3.0,2.0,2.0,2.0,2.0,3.0,5.0,8.0,9.0,9.0,9.0,15.0,19.0,22.0,28.0,145.0
Araucanía,9,Victoria,9211,35467.0,5.0,7.0,11.0,12.0,15.0,15.0,15.0,13.0,13.0,28.0,55.0,58.0,70.0,71.0,78.0,78.0,80.0,80.0,81.0,84.0,90.0,93.0,113.0,120.0,134.0,153.0,431.4
Araucanía,9,Vilcún,9119,30766.0,4.0,5.0,11.0,18.0,20.0,20.0,24.0,27.0,29.0,37.0,39.0,39.0,44.0,45.0,48.0,50.0,58.0,60.0,63.0,70.0,83.0,91.0,92.0,96.0,100.0,102.0,331.5
Araucanía,9,Villarrica,9120,59103.0,,4.0,6.0,11.0,15.0,15.0,18.0,19.0,17.0,18.0,19.0,19.0,20.0,20.0,21.0,22.0,21.0,22.0,22.0,23.0,25.0,31.0,33.0,35.0,41.0,49.0,82.9
Los Ríos,14,Corral,14102,5447.0,0.0,0.0,0.0,0.0,0.0,0.0,0.0,1.0,1.0,1.0,1.0,1.0,1.0,1.0,2.0,3.0,11.0,11.0,11.0,13.0,13.0,13.0,13.0,18.0,20.0,22.0,403.9
Los Ríos,14,Futrono,14202,15261.0,0.0,0.0,0.0,5.0,5.0,5.0,5.0,5.0,5.0,5.0,5.0,5.0,5.0,5.0,5.0,5.0,5.0,7.0,15.0,24.0,30.0,34.0,40.0,43.0,53.0,53.0,347.3
Los Ríos,14,La Unión,14201,39538.0,0.0,9.0,10.0,17.0,18.0,18.0,18.0,23.0,23.0,21.0,27.0,29.0,32.0,39.0,40.0,40.0,40.0,41.0,42.0,42.0,43.0,44.0,48.0,52.0,59.0,66.0,166.9
Los Ríos,14,Lago Ranco,14203,10292.0,0.0,0.0,0.0,0.0,0.0,0.0,2.0,2.0,2.0,2.0,2.0,2.0,2.0,2.0,2.0,2.0,2.0,2.0,2.0,2.0,2.0,2.0,2.0,2.0,2.0,2.0,19.4
Los Ríos,14,Lanco,14103,17652.0,0.0,0.0,0.0,0.0,0.0,0.0,2.0,4.0,4.0,4.0,5.0,5.0,5.0,7.0,9.0,9.0,9.0,9.0,9.0,9.0,9.0,9.0,9.0,10.0,15.0,21.0,119.0
Los Ríos,14,Los Lagos,14104,20518.0,0.0,0.0,0.0,0.0,0.0,0.0,0.0,0.0,0.0,0.0,0.0,0.0,0.0,0.0,0.0,0.0,0.0,0.0,0.0,2.0,18.0,22.0,23.0,24.0,38.0,57.0,277.8
Los Ríos,14,Máfil,14105,7389.0,0.0,0.0,0.0,0.0,0.0,0.0,1.0,1.0,1.0,1.0,2.0,2.0,2.0,2.0,2.0,2.0,2.0,2.0,3.0,3.0,3.0,3.0,3.0,3.0,8.0,17.0,230.1
Los Ríos,14,Mariquina,14106,23250.0,0.0,0.0,0.0,6.0,8.0,8.0,8.0,9.0,9.0,8.0,9.0,9.0,9.0,9.0,9.0,11.0,12.0,12.0,14.0,14.0,15.0,16.0,16.0,16.0,16.0,16.0,68.8
Los Ríos,14,Paillaco,14107,20798.0,0.0,0.0,0.0,0.0,0.0,0.0,1.0,1.0,1.0,1.0,2.0,2.0,2.0,1.0,1.0,1.0,1.0,1.0,4.0,21.0,22.0,25.0,25.0,25.0,25.0,25.0,120.2
Los Ríos,14,Panguipulli,14108,35991.0,0.0,0.0,0.0,0.0,0.0,0.0,2.0,0.0,0.0,1.0,0.0,0.0,0.0,0.0,0.0,0.0,0.0,1.0,3.0,6.0,8.0,12.0,21.0,33.0,33.0,33.0,91.7
Los Ríos,14,Río Bueno,14204,32925.0,0.0,0.0,0.0,5.0,5.0,5.0,10.0,7.0,7.0,11.0,10.0,11.0,13.0,13.0,12.0,12.0,12.0,12.0,13.0,14.0,14.0,16.0,16.0,18.0,18.0,18.0,54.7
Los Ríos,14,Valdivia,14101,176774.0,12.0,45.0,47.0,65.0,72.0,82.0,88.0,97.0,101.0,101.0,105.0,107.0,110.0,121.0,121.0,122.0,124.0,125.0,147.0,154.0,160.0,174.0,182.0,189.0,200.0,209.0,118.2
Los Lagos,10,Ancud,10202,42458.0,0.0,0.0,0.0,0.0,0.0,0.0,3.0,3.0,3.0,8.0,9.0,9.0,10.0,15.0,23.0,48.0,60.0,66.0,83.0,83.0,84.0,84.0,85.0,86.0,87.0,93.0,219.0
Los Lagos,10,Calbuco,10102,36744.0,4.0,5.0,5.0,5.0,5.0,5.0,7.0,5.0,8.0,6.0,7.0,7.0,7.0,7.0,7.0,8.0,8.0,8.0,8.0,8.0,8.0,8.0,8.0,8.0,9.0,10.0,27.2
Los Lagos,10,Castro,10201,47607.0,0.0,0.0,0.0,4.0,6.0,7.0,7.0,7.0,7.0,7.0,7.0,7.0,8.0,8.0,7.0,7.0,8.0,8.0,8.0,8.0,8.0,8.0,8.0,8.0,9.0,9.0,18.9
Los Lagos,10,Chaitén,10401,5020.0,0.0,0.0,0.0,0.0,0.0,0.0,1.0,1.0,1.0,1.0,1.0,1.0,1.0,1.0,1.0,1.0,1.0,1.0,1.0,1.0,1.0,1.0,1.0,1.0,1.0,1.0,19.9
Los Lagos,10,Chonchi,10203,16013.0,0.0,0.0,0.0,0.0,0.0,0.0,0.0,0.0,0.0,0.0,0.0,0.0,0.0,0.0,0.0,0.0,0.0,0.0,0.0,0.0,0.0,0.0,0.0,0.0,0.0,0.0,0.0
Los Lagos,10,Cochamó,10103,4006.0,0.0,0.0,0.0,0.0,0.0,0.0,0.0,0.0,1.0,1.0,1.0,1.0,1.0,1.0,1.0,1.0,1.0,1.0,1.0,1.0,1.0,1.0,1.0,1.0,1.0,1.0,25.0
Los Lagos,10,Curaco de Velez,10204,4066.0,0.0,0.0,0.0,0.0,0.0,0.0,0.0,0.0,0.0,0.0,0.0,0.0,0.0,0.0,0.0,0.0,0.0,0.0,0.0,0.0,0.0,0.0,0.0,0.0,0.0,0.0,0.0
Los Lagos,10,Dalcahue,10205,15069.0,0.0,0.0,0.0,0.0,0.0,0.0,0.0,0.0,0.0,0.0,0.0,0.0,0.0,0.0,0.0,0.0,0.0,0.0,2.0,6.0,6.0,6.0,6.0,6.0,6.0,7.0,46.5
Los Lagos,10,Fresia,10104,12656.0,0.0,0.0,0.0,0.0,0.0,0.0,0.0,0.0,1.0,1.0,0.0,0.0,0.0,0.0,0.0,0.0,0.0,0.0,0.0,0.0,0.0,0.0,0.0,0.0,1.0,2.0,15.8
Los Lagos,10,Frutillar,10105,20223.0,0.0,0.0,0.0,0.0,0.0,0.0,5.0,6.0,6.0,6.0,6.0,6.0,6.0,6.0,6.0,6.0,7.0,7.0,7.0,9.0,11.0,12.0,12.0,12.0,13.0,15.0,74.2
Los Lagos,10,Futaleufu,10402,2806.0,0.0,0.0,0.0,0.0,0.0,0.0,0.0,0.0,0.0,0.0,0.0,0.0,0.0,0.0,0.0,0.0,0.0,0.0,1.0,1.0,1.0,1.0,1.0,1.0,1.0,1.0,35.6
Los Lagos,10,Hualaihué,10403,9525.0,0.0,0.0,0.0,0.0,0.0,0.0,3.0,3.0,3.0,3.0,3.0,3.0,3.0,3.0,3.0,3.0,3.0,3.0,3.0,3.0,3.0,3.0,4.0,4.0,4.0,4.0,42.0
Los Lagos,10,Llanquihue,10107,18621.0,0.0,0.0,0.0,0.0,0.0,0.0,3.0,1.0,2.0,1.0,1.0,1.0,1.0,1.0,1.0,6.0,6.0,6.0,6.0,6.0,6.0,6.0,6.0,6.0,8.0,9.0,48.3
Los Lagos,10,Los Muermos,10106,17817.0,0.0,0.0,0.0,0.0,0.0,0.0,1.0,1.0,1.0,1.0,1.0,1.0,1.0,1.0,1.0,2.0,2.0,2.0,2.0,2.0,2.0,2.0,2.0,2.0,3.0,3.0,16.8
Los Lagos,10,Maullín,10108,14894.0,0.0,0.0,0.0,0.0,0.0,0.0,1.0,1.0,2.0,1.0,1.0,1.0,1.0,1.0,1.0,1.0,1.0,3.0,14.0,15.0,15.0,15.0,15.0,15.0,15.0,15.0,100.7
Los Lagos,10,Osorno,10301,173410.0,66.0,120.0,163.0,190.0,207.0,220.0,232.0,241.0,249.0,265.0,278.0,282.0,306.0,315.0,320.0,324.0,340.0,341.0,343.0,343.0,355.0,369.0,391.0,399.0,414.0,419.0,241.6
Los Lagos,10,Palena,10404,1827.0,0.0,0.0,0.0,0.0,0.0,0.0,0.0,0.0,0.0,0.0,0.0,0.0,0.0,0.0,0.0,0.0,0.0,0.0,0.0,0.0,0.0,0.0,0.0,0.0,0.0,0.0,0.0
Los Lagos,10,Puerto Montt,10101,269398.0,34.0,44.0,25.0,35.0,37.0,39.0,68.0,73.0,76.0,75.0,73.0,73.0,52.0,52.0,52.0,54.0,62.0,63.0,88.0,110.0,122.0,133.0,193.0,213.0,248.0,303.0,112.5
Los Lagos,10,Puerto Octay,10302,9192.0,0.0,0.0,0.0,0.0,0.0,0.0,1.0,1.0,1.0,1.0,2.0,4.0,4.0,3.0,5.0,5.0,5.0,5.0,5.0,5.0,5.0,5.0,5.0,5.0,5.0,5.0,54.4
Los Lagos,10,Puerto Varas,10109,48620.0,0.0,0.0,0.0,4.0,0.0,0.0,6.0,7.0,8.0,8.0,9.0,9.0,9.0,8.0,8.0,8.0,8.0,9.0,11.0,15.0,17.0,18.0,30.0,37.0,45.0,53.0,109.0
Los Lagos,10,Puqueldon,10206,4201.0,0.0,0.0,0.0,0.0,0.0,0.0,0.0,0.0,0.0,0.0,0.0,0.0,0.0,0.0,0.0,0.0,0.0,0.0,0.0,0.0,0.0,0.0,0.0,0.0,0.0,0.0,0.0
Los Lagos,10,Purranque,10303,21080.0,0.0,0.0,5.0,5.0,11.0,16.0,16.0,16.0,16.0,16.0,17.0,17.0,19.0,23.0,27.0,27.0,30.0,30.0,32.0,35.0,58.0,62.0,66.0,68.0,68.0,68.0,322.6
Los Lagos,10,Puyehue,10304,11787.0,0.0,0.0,0.0,0.0,0.0,0.0,2.0,1.0,1.0,1.0,1.0,2.0,4.0,4.0,6.0,6.0,6.0,6.0,7.0,7.0,7.0,9.0,11.0,11.0,10.0,11.0,93.3
Los Lagos,10,Queilén,10207,5543.0,0.0,0.0,0.0,0.0,0.0,0.0,0.0,0.0,0.0,0.0,0.0,0.0,0.0,0.0,0.0,0.0,0.0,0.0,0.0,0.0,0.0,0.0,0.0,0.0,0.0,0.0,0.0
Los Lagos,10,Quellón,10208,29309.0,0.0,0.0,0.0,0.0,0.0,0.0,0.0,0.0,0.0,0.0,0.0,0.0,0.0,1.0,1.0,1.0,1.0,1.0,1.0,1.0,1.0,1.0,1.0,1.0,1.0,1.0,3.4
Los Lagos,10,Quemchi,10209,8783.0,0.0,0.0,0.0,0.0,0.0,0.0,0.0,0.0,0.0,0.0,0.0,0.0,0.0,0.0,0.0,0.0,0.0,0.0,4.0,5.0,6.0,13.0,14.0,14.0,14.0,14.0,159.4
Los Lagos,10,Quinchao,10210,8298.0,0.0,0.0,0.0,0.0,0.0,0.0,1.0,1.0,1.0,1.0,1.0,1.0,1.0,1.0,1.0,1.0,1.0,1.0,1.0,1.0,1.0,1.0,1.0,1.0,1.0,2.0,24.1
Los Lagos,10,Río Negro,10305,14275.0,0.0,0.0,0.0,0.0,0.0,0.0,3.0,3.0,4.0,4.0,5.0,5.0,10.0,13.0,18.0,19.0,25.0,25.0,26.0,27.0,32.0,32.0,31.0,32.0,32.0,32.0,224.2
Los Lagos,10,San Juan de la Costa,10306,7639.0,0.0,0.0,0.0,7.0,11.0,11.0,14.0,13.0,15.0,16.0,22.0,24.0,26.0,29.0,27.0,32.0,34.0,34.0,34.0,34.0,34.0,34.0,34.0,34.0,40.0,42.0,549.8
Los Lagos,10,San Pablo,10307,10553.0,0.0,0.0,0.0,0.0,6.0,6.0,6.0,6.0,6.0,8.0,8.0,8.0,9.0,10.0,9.0,9.0,9.0,10.0,10.0,12.0,12.0,12.0,12.0,12.0,12.0,12.0,113.7
Aysén,11,Aysén,11201,25002.0,0.0,0.0,4.0,5.0,4.0,4.0,3.0,3.0,3.0,1.0,1.0,1.0,1.0,1.0,1.0,1.0,1.0,1.0,1.0,1.0,4.0,4.0,4.0,4.0,4.0,6.0,24.0
Aysén,11,Chile Chico,11401,5121.0,0.0,0.0,0.0,0.0,0.0,0.0,1.0,1.0,1.0,1.0,1.0,1.0,1.0,1.0,1.0,1.0,1.0,1.0,1.0,1.0,1.0,1.0,1.0,1.0,1.0,1.0,19.5
Aysén,11,Cisnes,11202,5828.0,0.0,0.0,0.0,0.0,0.0,0.0,0.0,0.0,0.0,0.0,0.0,0.0,0.0,0.0,0.0,0.0,0.0,0.0,0.0,0.0,0.0,0.0,0.0,0.0,0.0,0.0,0.0
Aysén,11,Cochrane,11301,3685.0,0.0,0.0,0.0,0.0,0.0,0.0,0.0,0.0,0.0,0.0,0.0,0.0,0.0,0.0,0.0,0.0,0.0,0.0,0.0,0.0,0.0,0.0,0.0,0.0,0.0,0.0,0.0
Aysén,11,Coyhaique,11101,61210.0,0.0,0.0,0.0,0.0,0.0,0.0,2.0,2.0,2.0,3.0,3.0,3.0,2.0,2.0,3.0,3.0,3.0,3.0,3.0,5.0,7.0,8.0,10.0,12.0,13.0,15.0,24.5
Aysén,11,Guaitecas,11203,1599.0,0.0,0.0,0.0,0.0,0.0,0.0,0.0,0.0,0.0,0.0,0.0,0.0,0.0,0.0,0.0,0.0,0.0,0.0,0.0,0.0,0.0,0.0,0.0,0.0,0.0,0.0,0.0
Aysén,11,Lago Verde,11102,920.0,0.0,0.0,0.0,0.0,0.0,0.0,0.0,0.0,0.0,0.0,0.0,0.0,0.0,0.0,0.0,0.0,0.0,0.0,0.0,0.0,0.0,0.0,0.0,0.0,0.0,0.0,0.0
Aysén,11,OHiggins,11302,661.0,0.0,0.0,0.0,0.0,0.0,0.0,0.0,0.0,0.0,0.0,0.0,0.0,0.0,0.0,0.0,0.0,0.0,0.0,0.0,0.0,0.0,0.0,0.0,0.0,0.0,0.0,0.0
Aysén,11,Río Ibáñez,11402,2699.0,0.0,0.0,0.0,0.0,0.0,0.0,0.0,0.0,0.0,0.0,0.0,0.0,0.0,0.0,0.0,0.0,0.0,0.0,0.0,0.0,0.0,0.0,0.0,0.0,0.0,0.0,0.0
Aysén,11,Tortel,11303,572.0,0.0,0.0,0.0,0.0,0.0,0.0,1.0,1.0,1.0,0.0,0.0,0.0,0.0,0.0,0.0,0.0,0.0,0.0,0.0,0.0,0.0,0.0,0.0,0.0,0.0,0.0,0.0
Magallanes,12,Antartica,12202,137.0,0.0,0.0,0.0,0.0,0.0,0.0,0.0,0.0,0.0,0.0,0.0,0.0,0.0,0.0,0.0,0.0,0.0,0.0,0.0,0.0,0.0,0.0,0.0,0.0,0.0,0.0,0.0
Magallanes,12,Cabo de Hornos,12201,1983.0,5.0,6.0,6.0,10.0,11.0,13.0,18.0,18.0,18.0,17.0,17.0,19.0,19.0,19.0,19.0,20.0,20.0,20.0,21.0,22.0,22.0,22.0,21.0,21.0,21.0,21.0,1059.0
Magallanes,12,Laguna Blanca,12102,264.0,0.0,0.0,0.0,0.0,0.0,0.0,0.0,0.0,0.0,0.0,0.0,0.0,0.0,0.0,0.0,0.0,0.0,0.0,1.0,1.0,0.0,0.0,0.0,0.0,0.0,0.0,0.0
Magallanes,12,Natales,12401,23782.0,0.0,4.0,5.0,5.0,5.0,6.0,6.0,6.0,7.0,6.0,7.0,8.0,8.0,8.0,9.0,9.0,9.0,11.0,12.0,12.0,13.0,13.0,13.0,14.0,14.0,15.0,63.1
Magallanes,12,Porvenir,12301,7323.0,0.0,0.0,0.0,0.0,0.0,0.0,4.0,4.0,5.0,8.0,8.0,8.0,8.0,8.0,9.0,9.0,9.0,9.0,9.0,9.0,9.0,9.0,9.0,9.0,9.0,9.0,122.9
Magallanes,12,Primavera,12302,694.0,0.0,0.0,0.0,0.0,0.0,0.0,0.0,0.0,1.0,1.0,1.0,1.0,1.0,1.0,1.0,1.0,1.0,1.0,1.0,1.0,1.0,1.0,1.0,1.0,2.0,2.0,288.2
Magallanes,12,Punta Arenas,12101,141984.0,29.0,87.0,143.0,203.0,207.0,299.0,387.0,416.0,470.0,516.0,581.0,623.0,685.0,744.0,825.0,858.0,893.0,925.0,945.0,968.0,999.0,1009.0,1024.0,1039.0,1058.0,1136.0,800.1
Magallanes,12,Río Verde,12103,211.0,0.0,0.0,0.0,0.0,0.0,0.0,0.0,0.0,0.0,0.0,0.0,0.0,0.0,0.0,0.0,0.0,0.0,0.0,0.0,0.0,0.0,0.0,0.0,0.0,0.0,0.0,0.0
Magallanes,12,San Gregorio,12104,681.0,0.0,0.0,0.0,0.0,0.0,0.0,0.0,0.0,0.0,0.0,0.0,0.0,0.0,0.0,1.0,1.0,2.0,2.0,3.0,3.0,2.0,2.0,2.0,2.0,2.0,2.0,293.7
Magallanes,12,Timaukel,12303,282.0,0.0,0.0,0.0,0.0,0.0,0.0,0.0,0.0,0.0,0.0,0.0,0.0,0.0,0.0,0.0,0.0,0.0,0.0,0.0,0.0,0.0,0.0,0.0,0.0,0.0,0.0,0.0
Magallanes,12,Torres del Paine,12402,1021.0,0.0,0.0,0.0,0.0,0.0,0.0,0.0,0.0,0.0,0.0,0.0,0.0,0.0,1.0,1.0,0.0,0.0,0.0,0.0,0.0,0.0,0.0,0.0,0.0,0.0,0.0,0.0
