Region,Codigo region,Comuna,Codigo comuna,Poblacion,2020-06-12,2020-06-15,2020-06-19,2020-06-23,2020-06-28,2020-07-01,2020-07-05,2020-07-10,2020-07-13,2020-07-17,2020-07-20,2020-07-24,2020-07-27,2020-07-31,2020-08-03,2020-08-07,2020-08-10,2020-08-14,2020-08-17,2020-08-21,2020-08-24,2020-08-28,2020-08-31,2020-09-04,2020-09-07,2020-09-11,2020-09-14,2020-09-18,2020-09-21,2020-09-25,2020-09-28
Arica y Parinacota,15,Arica,15101.0,247552.0,10.0,11.0,12.0,12.0,22.0,22.0,23.0,25.0,29.0,33.0,39.0,43.0,52.0,59.0,69.0,75.0,79.0,81.0,86.0,96.0,101.0,106.0,108.0,115.0,120.0,127.0,134.0,137.0,140.0,147.0,147.0
Arica y Parinacota,15,Camarones,15102.0,1233.0,0.0,0.0,0.0,0.0,0.0,0.0,0.0,0.0,0.0,0.0,0.0,0.0,0.0,0.0,0.0,1.0,1.0,1.0,1.0,1.0,1.0,1.0,1.0,1.0,1.0,1.0,1.0,1.0,1.0,1.0,1.0
Arica y Parinacota,15,General Lagos,15202.0,810.0,0.0,0.0,0.0,0.0,0.0,0.0,0.0,0.0,0.0,0.0,0.0,0.0,0.0,0.0,0.0,0.0,0.0,0.0,0.0,0.0,0.0,1.0,1.0,1.0,1.0,1.0,1.0,1.0,1.0,1.0,1.0
Arica y Parinacota,15,Putre,15201.0,2515.0,0.0,0.0,0.0,0.0,0.0,0.0,0.0,0.0,0.0,0.0,0.0,0.0,0.0,0.0,0.0,0.0,0.0,0.0,0.0,0.0,0.0,0.0,0.0,0.0,0.0,0.0,0.0,0.0,0.0,0.0,0.0
Arica y Parinacota,15,Desconocido Arica y Parinacota,,,,,0.0,0.0,0.0,0.0,0.0,0.0,0.0,0.0,0.0,0.0,0.0,0.0,0.0,0.0,0.0,0.0,0.0,0.0,0.0,0.0,0.0,0.0,0.0,0.0,0.0,0.0,0.0,0.0,0.0
Arica y Parinacota,15,Total,,252110.0,10.0,11.0,12.0,12.0,22.0,22.0,23.0,25.0,29.0,33.0,39.0,43.0,52.0,59.0,69.0,76.0,80.0,82.0,87.0,97.0,102.0,108.0,110.0,117.0,122.0,129.0,136.0,139.0,142.0,149.0,149.0
Tarapaca,1,Alto Hospicio,1107.0,129999.0,11.0,15.0,18.0,22.0,25.0,25.0,30.0,33.0,34.0,34.0,35.0,39.0,44.0,45.0,47.0,49.0,49.0,51.0,51.0,53.0,53.0,53.0,54.0,54.0,55.0,55.0,55.0,56.0,56.0,57.0,57.0
Tarapaca,1,Camiña,1402.0,1375.0,1.0,2.0,2.0,2.0,2.0,2.0,2.0,2.0,2.0,2.0,2.0,2.0,2.0,2.0,2.0,2.0,2.0,2.0,2.0,2.0,2.0,2.0,2.0,2.0,2.0,2.0,2.0,2.0,2.0,2.0,2.0
Tarapaca,1,Colchane,1403.0,1583.0,1.0,1.0,2.0,2.0,2.0,2.0,2.0,2.0,2.0,2.0,2.0,2.0,2.0,2.0,3.0,3.0,3.0,3.0,3.0,3.0,3.0,3.0,3.0,3.0,3.0,3.0,3.0,3.0,3.0,3.0,3.0
Tarapaca,1,Huara,1404.0,3000.0,2.0,2.0,2.0,2.0,3.0,3.0,3.0,3.0,3.0,4.0,4.0,4.0,4.0,4.0,4.0,4.0,4.0,4.0,4.0,4.0,4.0,4.0,4.0,4.0,4.0,4.0,4.0,4.0,4.0,4.0,4.0
Tarapaca,1,Iquique,1101.0,223463.0,32.0,36.0,45.0,50.0,64.0,65.0,69.0,78.0,80.0,87.0,91.0,94.0,97.0,100.0,103.0,107.0,110.0,111.0,112.0,115.0,118.0,120.0,123.0,125.0,130.0,129.0,131.0,132.0,133.0,138.0,140.0
Tarapaca,1,Pica,1405.0,5958.0,0.0,0.0,0.0,0.0,0.0,0.0,0.0,0.0,0.0,0.0,0.0,1.0,1.0,1.0,1.0,1.0,1.0,2.0,2.0,2.0,3.0,4.0,4.0,4.0,4.0,7.0,8.0,8.0,8.0,8.0,8.0
Tarapaca,1,Pozo Almonte,1401.0,17395.0,1.0,2.0,2.0,2.0,3.0,5.0,6.0,7.0,9.0,9.0,9.0,9.0,10.0,12.0,13.0,13.0,14.0,14.0,14.0,14.0,15.0,15.0,15.0,15.0,14.0,14.0,14.0,15.0,16.0,16.0,16.0
Tarapaca,1,Desconocido Tarapaca,,,,,0.0,0.0,0.0,0.0,0.0,0.0,0.0,0.0,0.0,0.0,0.0,0.0,0.0,0.0,0.0,0.0,0.0,0.0,0.0,0.0,0.0,0.0,0.0,0.0,0.0,0.0,0.0,0.0,0.0
Tarapaca,1,Total,,382773.0,48.0,58.0,71.0,80.0,99.0,102.0,112.0,125.0,130.0,138.0,143.0,151.0,160.0,166.0,173.0,179.0,183.0,187.0,188.0,193.0,198.0,201.0,205.0,207.0,212.0,214.0,217.0,220.0,222.0,228.0,230.0
Antofagasta,2,Antofagasta,2101.0,425725.0,27.0,28.0,31.0,32.0,49.0,50.0,63.0,73.0,86.0,92.0,103.0,111.0,121.0,129.0,134.0,142.0,146.0,156.0,162.0,168.0,172.0,185.0,189.0,194.0,196.0,201.0,204.0,211.0,211.0,212.0,213.0
Antofagasta,2,Calama,2201.0,190336.0,29.0,34.0,50.0,56.0,94.0,99.0,117.0,135.0,149.0,155.0,167.0,177.0,186.0,191.0,196.0,200.0,206.0,208.0,213.0,214.0,215.0,216.0,219.0,221.0,226.0,231.0,234.0,236.0,238.0,238.0,238.0
Antofagasta,2,María Elena,2302.0,6814.0,3.0,3.0,4.0,4.0,4.0,5.0,6.0,7.0,9.0,10.0,10.0,10.0,11.0,12.0,13.0,13.0,13.0,13.0,13.0,14.0,14.0,15.0,15.0,15.0,15.0,15.0,15.0,15.0,15.0,15.0,15.0
Antofagasta,2,Mejillones,2102.0,14776.0,4.0,4.0,4.0,4.0,4.0,4.0,4.0,4.0,4.0,4.0,4.0,4.0,4.0,4.0,5.0,5.0,5.0,5.0,5.0,5.0,5.0,5.0,5.0,5.0,5.0,6.0,6.0,6.0,6.0,6.0,6.0
Antofagasta,2,Ollague,2202.0,287.0,0.0,0.0,0.0,0.0,0.0,0.0,0.0,0.0,0.0,0.0,0.0,0.0,0.0,0.0,0.0,0.0,0.0,0.0,0.0,0.0,0.0,0.0,0.0,0.0,0.0,0.0,0.0,0.0,0.0,0.0,0.0
Antofagasta,2,San Pedro de Atacama,2203.0,10434.0,0.0,0.0,1.0,1.0,1.0,1.0,2.0,4.0,4.0,4.0,4.0,5.0,7.0,7.0,7.0,8.0,8.0,8.0,9.0,10.0,10.0,10.0,10.0,10.0,10.0,10.0,10.0,10.0,10.0,10.0,10.0
Antofagasta,2,Sierra Gorda,2103.0,1746.0,0.0,0.0,0.0,0.0,0.0,0.0,0.0,0.0,0.0,0.0,0.0,0.0,0.0,0.0,0.0,1.0,1.0,1.0,1.0,1.0,1.0,2.0,2.0,2.0,2.0,2.0,2.0,2.0,2.0,2.0,2.0
Antofagasta,2,Taltal,2104.0,13657.0,0.0,0.0,0.0,0.0,2.0,2.0,2.0,2.0,2.0,2.0,2.0,2.0,2.0,3.0,3.0,3.0,3.0,4.0,4.0,4.0,4.0,4.0,4.0,4.0,4.0,5.0,5.0,5.0,5.0,5.0,5.0
Antofagasta,2,Tocopilla,2301.0,28079.0,1.0,2.0,2.0,2.0,4.0,4.0,4.0,5.0,5.0,5.0,6.0,6.0,7.0,7.0,8.0,9.0,9.0,9.0,9.0,9.0,10.0,9.0,9.0,9.0,10.0,10.0,10.0,10.0,10.0,10.0,10.0
Antofagasta,2,Desconocido Antofagasta,,,,,0.0,0.0,0.0,0.0,0.0,0.0,0.0,0.0,0.0,0.0,0.0,0.0,0.0,0.0,0.0,0.0,0.0,0.0,0.0,0.0,0.0,0.0,0.0,0.0,0.0,0.0,0.0,0.0,0.0
Antofagasta,2,Total,,691854.0,64.0,71.0,92.0,99.0,158.0,165.0,198.0,230.0,259.0,272.0,296.0,315.0,338.0,353.0,366.0,381.0,391.0,404.0,416.0,425.0,431.0,446.0,453.0,460.0,468.0,480.0,486.0,495.0,497.0,498.0,499.0
Atacama,3,Alto del Carmen,3302.0,5729.0,0.0,0.0,0.0,0.0,0.0,0.0,0.0,0.0,0.0,0.0,0.0,0.0,0.0,0.0,0.0,0.0,0.0,0.0,0.0,0.0,0.0,0.0,0.0,0.0,0.0,0.0,0.0,0.0,0.0,1.0,1.0
Atacama,3,Caldera,3102.0,19426.0,0.0,0.0,0.0,0.0,0.0,0.0,0.0,0.0,0.0,0.0,0.0,0.0,0.0,0.0,0.0,1.0,1.0,1.0,1.0,1.0,1.0,1.0,1.0,1.0,1.0,1.0,1.0,1.0,1.0,1.0,1.0
Atacama,3,Chañaral,3201.0,13164.0,0.0,0.0,0.0,0.0,0.0,0.0,0.0,0.0,0.0,0.0,0.0,0.0,0.0,0.0,0.0,0.0,0.0,0.0,0.0,0.0,0.0,0.0,0.0,0.0,0.0,0.0,0.0,0.0,0.0,0.0,0.0
Atacama,3,Copiapó,3101.0,171766.0,0.0,0.0,0.0,0.0,1.0,1.0,3.0,4.0,5.0,6.0,6.0,7.0,9.0,9.0,11.0,14.0,16.0,19.0,23.0,28.0,31.0,36.0,37.0,39.0,40.0,40.0,40.0,41.0,42.0,45.0,46.0
Atacama,3,Diego de Almagro,3202.0,14358.0,0.0,0.0,0.0,1.0,1.0,1.0,1.0,2.0,3.0,3.0,3.0,3.0,3.0,3.0,2.0,2.0,2.0,2.0,2.0,2.0,2.0,2.0,2.0,2.0,2.0,2.0,2.0,2.0,2.0,2.0,2.0
Atacama,3,Freirina,3303.0,7681.0,0.0,0.0,0.0,0.0,0.0,0.0,0.0,0.0,0.0,0.0,0.0,0.0,0.0,0.0,0.0,0.0,0.0,0.0,0.0,2.0,2.0,3.0,3.0,3.0,3.0,3.0,3.0,3.0,4.0,4.0,4.0
Atacama,3,Huasco,3304.0,11264.0,0.0,0.0,0.0,0.0,0.0,0.0,0.0,0.0,0.0,0.0,0.0,0.0,0.0,0.0,0.0,0.0,0.0,0.0,0.0,0.0,0.0,0.0,0.0,0.0,1.0,1.0,2.0,2.0,3.0,3.0,3.0
Atacama,3,Tierra Amarilla,3103.0,14312.0,0.0,0.0,0.0,0.0,0.0,0.0,0.0,0.0,0.0,0.0,0.0,0.0,0.0,0.0,0.0,0.0,0.0,0.0,0.0,1.0,1.0,1.0,1.0,1.0,1.0,1.0,1.0,1.0,1.0,2.0,2.0
Atacama,3,Vallenar,3301.0,57009.0,0.0,0.0,0.0,0.0,0.0,0.0,0.0,0.0,0.0,0.0,0.0,0.0,0.0,0.0,0.0,0.0,0.0,0.0,1.0,1.0,1.0,1.0,1.0,2.0,2.0,4.0,4.0,4.0,5.0,6.0,6.0
Atacama,3,Desconocido Atacama,,,,,0.0,0.0,0.0,0.0,0.0,0.0,0.0,0.0,0.0,0.0,0.0,0.0,0.0,0.0,0.0,0.0,0.0,0.0,0.0,0.0,0.0,0.0,0.0,0.0,0.0,0.0,0.0,0.0,0.0
Atacama,3,Total,,314709.0,0.0,0.0,0.0,1.0,2.0,2.0,4.0,6.0,8.0,9.0,9.0,10.0,12.0,12.0,13.0,17.0,19.0,22.0,27.0,35.0,38.0,44.0,45.0,48.0,50.0,52.0,53.0,54.0,58.0,64.0,65.0
Coquimbo,4,Andacollo,4103.0,11791.0,1.0,1.0,1.0,1.0,1.0,1.0,1.0,1.0,1.0,1.0,1.0,1.0,1.0,1.0,1.0,1.0,1.0,1.0,1.0,1.0,1.0,1.0,1.0,1.0,1.0,1.0,1.0,1.0,1.0,1.0,1.0
Coquimbo,4,Canela,4202.0,9546.0,0.0,0.0,0.0,0.0,1.0,1.0,1.0,1.0,1.0,1.0,1.0,1.0,1.0,1.0,1.0,1.0,1.0,2.0,2.0,2.0,2.0,2.0,2.0,2.0,2.0,2.0,2.0,2.0,2.0,2.0,2.0
Coquimbo,4,Combarbalá,4302.0,13884.0,0.0,0.0,0.0,0.0,0.0,0.0,0.0,0.0,0.0,0.0,0.0,0.0,0.0,0.0,0.0,0.0,0.0,0.0,0.0,0.0,0.0,0.0,0.0,0.0,1.0,1.0,1.0,1.0,2.0,2.0,2.0
Coquimbo,4,Coquimbo,4102.0,256735.0,3.0,4.0,4.0,4.0,6.0,6.0,6.0,6.0,7.0,10.0,11.0,12.0,13.0,15.0,17.0,19.0,21.0,24.0,27.0,30.0,32.0,35.0,39.0,44.0,45.0,47.0,51.0,55.0,56.0,60.0,63.0
Coquimbo,4,Illapel,4201.0,32801.0,0.0,0.0,0.0,0.0,0.0,0.0,0.0,0.0,0.0,1.0,1.0,1.0,1.0,1.0,1.0,1.0,2.0,2.0,2.0,3.0,4.0,4.0,4.0,4.0,4.0,5.0,6.0,6.0,6.0,6.0,6.0
Coquimbo,4,La Higuera,4104.0,4450.0,0.0,0.0,0.0,0.0,0.0,0.0,0.0,0.0,0.0,0.0,0.0,0.0,0.0,0.0,0.0,0.0,0.0,0.0,0.0,0.0,1.0,1.0,1.0,1.0,1.0,1.0,1.0,1.0,1.0,1.0,1.0
Coquimbo,4,La Serena,4101.0,249656.0,2.0,2.0,2.0,3.0,8.0,8.0,10.0,10.0,11.0,14.0,14.0,16.0,17.0,20.0,21.0,23.0,25.0,30.0,33.0,36.0,40.0,43.0,48.0,52.0,54.0,60.0,60.0,62.0,62.0,63.0,64.0
Coquimbo,4,Los Vilos,4203.0,23374.0,0.0,0.0,0.0,0.0,1.0,1.0,1.0,1.0,1.0,1.0,2.0,2.0,2.0,2.0,2.0,2.0,3.0,3.0,3.0,5.0,5.0,6.0,6.0,6.0,6.0,6.0,6.0,6.0,7.0,7.0,8.0
Coquimbo,4,Monte Patria,4303.0,32527.0,1.0,1.0,1.0,1.0,1.0,1.0,2.0,2.0,2.0,3.0,3.0,3.0,3.0,4.0,4.0,4.0,4.0,4.0,4.0,4.0,4.0,4.0,4.0,4.0,5.0,5.0,5.0,5.0,5.0,5.0,5.0
Coquimbo,4,Ovalle,4301.0,121269.0,1.0,2.0,6.0,6.0,8.0,8.0,10.0,14.0,17.0,18.0,19.0,20.0,21.0,21.0,21.0,22.0,22.0,22.0,22.0,24.0,25.0,25.0,25.0,28.0,31.0,34.0,35.0,39.0,41.0,44.0,46.0
Coquimbo,4,Paiguano,4105.0,4675.0,0.0,0.0,0.0,0.0,0.0,0.0,0.0,0.0,0.0,0.0,0.0,0.0,0.0,0.0,0.0,0.0,0.0,0.0,0.0,0.0,0.0,0.0,0.0,0.0,0.0,0.0,0.0,0.0,0.0,0.0,0.0
Coquimbo,4,Punitaqui,4304.0,12165.0,1.0,1.0,2.0,2.0,2.0,2.0,3.0,3.0,3.0,3.0,4.0,4.0,4.0,4.0,5.0,5.0,5.0,5.0,5.0,5.0,5.0,5.0,5.0,6.0,7.0,7.0,7.0,7.0,7.0,9.0,9.0
Coquimbo,4,Río Hurtado,4305.0,4372.0,0.0,0.0,0.0,0.0,0.0,0.0,0.0,0.0,0.0,0.0,0.0,0.0,0.0,0.0,0.0,0.0,0.0,0.0,0.0,0.0,0.0,0.0,0.0,0.0,0.0,0.0,0.0,0.0,0.0,0.0,0.0
Coquimbo,4,Salamanca,4204.0,29110.0,0.0,0.0,0.0,0.0,0.0,0.0,0.0,0.0,0.0,0.0,0.0,1.0,1.0,1.0,1.0,1.0,1.0,1.0,2.0,3.0,4.0,4.0,4.0,4.0,4.0,4.0,4.0,4.0,4.0,4.0,4.0
Coquimbo,4,Vicuña,4106.0,29741.0,0.0,0.0,0.0,0.0,0.0,0.0,0.0,0.0,0.0,0.0,0.0,0.0,0.0,0.0,1.0,1.0,1.0,1.0,1.0,1.0,1.0,1.0,2.0,2.0,3.0,4.0,5.0,6.0,6.0,7.0,7.0
Coquimbo,4,Desconocido Coquimbo,,,,,0.0,0.0,0.0,0.0,0.0,0.0,0.0,0.0,0.0,0.0,0.0,0.0,0.0,0.0,0.0,0.0,0.0,0.0,0.0,0.0,0.0,0.0,0.0,0.0,0.0,0.0,0.0,0.0,0.0
Coquimbo,4,Total,,836096.0,9.0,11.0,16.0,17.0,28.0,28.0,34.0,38.0,43.0,52.0,56.0,61.0,64.0,70.0,75.0,80.0,86.0,95.0,102.0,114.0,124.0,131.0,141.0,154.0,164.0,177.0,184.0,195.0,200.0,211.0,218.0
Valparaiso,5,Algarrobo,5602.0,15174.0,5.0,5.0,5.0,5.0,6.0,6.0,6.0,6.0,6.0,7.0,7.0,7.0,7.0,7.0,7.0,7.0,7.0,7.0,7.0,8.0,8.0,8.0,9.0,9.0,9.0,9.0,9.0,9.0,9.0,10.0,10.0
Valparaiso,5,Cabildo,5402.0,20663.0,0.0,0.0,0.0,0.0,2.0,6.0,14.0,16.0,17.0,17.0,16.0,17.0,17.0,18.0,18.0,18.0,18.0,18.0,18.0,18.0,18.0,19.0,19.0,21.0,21.0,21.0,21.0,21.0,21.0,21.0,21.0
Valparaiso,5,Calera,5502.0,53591.0,0.0,0.0,2.0,2.0,5.0,6.0,8.0,11.0,12.0,13.0,15.0,14.0,15.0,15.0,17.0,19.0,19.0,24.0,28.0,32.0,36.0,37.0,39.0,43.0,45.0,46.0,47.0,48.0,49.0,51.0,52.0
Valparaiso,5,Calle Larga,5302.0,16482.0,0.0,0.0,0.0,0.0,0.0,0.0,0.0,0.0,0.0,0.0,0.0,1.0,1.0,2.0,2.0,2.0,2.0,2.0,2.0,2.0,2.0,2.0,3.0,4.0,4.0,4.0,4.0,4.0,4.0,4.0,4.0
Valparaiso,5,Cartagena,5603.0,25357.0,2.0,2.0,2.0,2.0,2.0,2.0,3.0,3.0,3.0,3.0,3.0,3.0,3.0,3.0,3.0,3.0,3.0,3.0,4.0,4.0,4.0,4.0,4.0,4.0,4.0,5.0,5.0,5.0,5.0,5.0,5.0
Valparaiso,5,Casablanca,5102.0,29170.0,0.0,0.0,0.0,0.0,0.0,0.0,0.0,0.0,0.0,1.0,1.0,1.0,1.0,2.0,2.0,2.0,4.0,4.0,4.0,4.0,4.0,4.0,5.0,5.0,5.0,5.0,5.0,7.0,7.0,7.0,7.0
Valparaiso,5,Catemu,5702.0,15213.0,0.0,0.0,0.0,0.0,1.0,1.0,1.0,1.0,2.0,3.0,3.0,3.0,3.0,3.0,3.0,3.0,3.0,4.0,4.0,4.0,4.0,5.0,5.0,5.0,5.0,5.0,6.0,6.0,6.0,6.0,6.0
Valparaiso,5,Concón,5103.0,45889.0,2.0,2.0,2.0,2.0,4.0,4.0,5.0,5.0,6.0,6.0,6.0,6.0,7.0,8.0,8.0,8.0,8.0,8.0,10.0,10.0,10.0,11.0,11.0,11.0,13.0,13.0,13.0,13.0,13.0,14.0,15.0
Valparaiso,5,El Quisco,5604.0,17742.0,2.0,2.0,2.0,2.0,3.0,3.0,3.0,3.0,3.0,3.0,3.0,3.0,3.0,3.0,3.0,3.0,3.0,3.0,3.0,3.0,3.0,3.0,3.0,3.0,3.0,3.0,3.0,4.0,4.0,4.0,4.0
Valparaiso,5,El Tabo,5605.0,14338.0,3.0,3.0,4.0,4.0,4.0,4.0,5.0,6.0,6.0,8.0,8.0,8.0,8.0,10.0,11.0,11.0,12.0,12.0,12.0,12.0,12.0,12.0,12.0,12.0,12.0,12.0,12.0,13.0,13.0,13.0,13.0
Valparaiso,5,Hijuelas,5503.0,19099.0,1.0,1.0,1.0,1.0,3.0,3.0,3.0,3.0,3.0,3.0,3.0,3.0,3.0,3.0,5.0,5.0,5.0,5.0,5.0,5.0,5.0,10.0,11.0,12.0,13.0,14.0,14.0,15.0,15.0,16.0,16.0
Valparaiso,5,Isla de Pascua,5201.0,8277.0,0.0,0.0,0.0,0.0,0.0,0.0,0.0,0.0,0.0,0.0,0.0,0.0,0.0,0.0,0.0,0.0,0.0,0.0,0.0,0.0,0.0,0.0,0.0,0.0,0.0,0.0,0.0,0.0,0.0,0.0,0.0
Valparaiso,5,Juan Fernandez,5104.0,1033.0,0.0,0.0,0.0,0.0,0.0,0.0,0.0,0.0,0.0,0.0,0.0,0.0,0.0,0.0,0.0,0.0,0.0,0.0,0.0,0.0,0.0,0.0,0.0,0.0,0.0,0.0,0.0,0.0,0.0,0.0,0.0
Valparaiso,5,La Cruz,5504.0,25321.0,1.0,1.0,1.0,1.0,1.0,1.0,1.0,2.0,2.0,2.0,2.0,2.0,2.0,2.0,2.0,2.0,2.0,3.0,3.0,3.0,3.0,3.0,4.0,4.0,5.0,5.0,5.0,5.0,5.0,5.0,5.0
Valparaiso,5,La Ligua,5401.0,37739.0,2.0,2.0,3.0,4.0,4.0,4.0,8.0,10.0,10.0,10.0,11.0,11.0,12.0,11.0,11.0,12.0,12.0,13.0,15.0,17.0,17.0,17.0,20.0,20.0,23.0,24.0,24.0,25.0,25.0,25.0,26.0
Valparaiso,5,Limache,5802.0,49931.0,4.0,4.0,5.0,6.0,7.0,7.0,9.0,13.0,13.0,13.0,13.0,15.0,17.0,17.0,18.0,20.0,20.0,21.0,23.0,23.0,24.0,24.0,26.0,30.0,32.0,32.0,33.0,34.0,34.0,35.0,35.0
Valparaiso,5,Llaillay,5703.0,26533.0,3.0,3.0,3.0,4.0,4.0,5.0,5.0,5.0,5.0,5.0,5.0,5.0,6.0,6.0,6.0,7.0,7.0,7.0,8.0,8.0,8.0,8.0,8.0,8.0,8.0,8.0,9.0,9.0,9.0,9.0,9.0
Valparaiso,5,Los Andes,5301.0,68093.0,4.0,6.0,10.0,12.0,19.0,21.0,24.0,25.0,27.0,32.0,32.0,34.0,35.0,36.0,39.0,41.0,45.0,46.0,46.0,47.0,48.0,49.0,49.0,49.0,50.0,52.0,53.0,52.0,52.0,52.0,52.0
Valparaiso,5,Nogales,5506.0,23490.0,0.0,0.0,0.0,0.0,0.0,0.0,0.0,1.0,1.0,1.0,2.0,2.0,2.0,2.0,2.0,3.0,3.0,3.0,4.0,5.0,5.0,5.0,6.0,6.0,8.0,8.0,9.0,10.0,11.0,11.0,11.0
Valparaiso,5,Olmué,5803.0,19266.0,2.0,2.0,2.0,2.0,2.0,2.0,2.0,2.0,2.0,1.0,1.0,1.0,1.0,2.0,3.0,3.0,3.0,4.0,5.0,5.0,6.0,6.0,6.0,7.0,8.0,9.0,9.0,9.0,9.0,9.0,10.0
Valparaiso,5,Panquehue,5704.0,7633.0,0.0,0.0,0.0,0.0,0.0,0.0,0.0,0.0,0.0,0.0,0.0,0.0,0.0,0.0,0.0,0.0,0.0,0.0,0.0,0.0,0.0,0.0,0.0,0.0,0.0,0.0,0.0,0.0,0.0,0.0,0.0
Valparaiso,5,Papudo,5403.0,6201.0,0.0,0.0,0.0,0.0,0.0,0.0,1.0,1.0,1.0,1.0,1.0,1.0,2.0,2.0,2.0,3.0,3.0,3.0,3.0,3.0,3.0,3.0,3.0,3.0,3.0,3.0,3.0,3.0,3.0,3.0,3.0
Valparaiso,5,Petorca,5404.0,10558.0,0.0,0.0,0.0,0.0,0.0,0.0,1.0,1.0,1.0,1.0,1.0,1.0,1.0,1.0,1.0,1.0,1.0,1.0,1.0,1.0,2.0,3.0,3.0,3.0,3.0,3.0,3.0,3.0,3.0,3.0,3.0
Valparaiso,5,Puchuncaví,5105.0,20071.0,1.0,1.0,2.0,2.0,4.0,4.0,4.0,4.0,4.0,4.0,4.0,4.0,4.0,4.0,4.0,4.0,4.0,4.0,4.0,4.0,4.0,4.0,5.0,5.0,5.0,5.0,5.0,6.0,6.0,6.0,6.0
Valparaiso,5,Putaendo,5705.0,17645.0,0.0,0.0,0.0,0.0,0.0,0.0,0.0,1.0,1.0,3.0,5.0,5.0,5.0,6.0,6.0,6.0,6.0,6.0,6.0,6.0,6.0,6.0,7.0,8.0,8.0,9.0,9.0,11.0,12.0,13.0,13.0
Valparaiso,5,Quillota,5501.0,97572.0,6.0,6.0,8.0,8.0,13.0,15.0,17.0,21.0,26.0,26.0,27.0,31.0,32.0,35.0,38.0,39.0,39.0,40.0,40.0,41.0,42.0,43.0,45.0,48.0,51.0,52.0,55.0,56.0,56.0,57.0,59.0
Valparaiso,5,Quilpué,5801.0,167085.0,4.0,3.0,4.0,4.0,8.0,9.0,15.0,22.0,23.0,28.0,30.0,30.0,32.0,37.0,39.0,40.0,42.0,43.0,44.0,44.0,44.0,47.0,47.0,49.0,49.0,49.0,52.0,54.0,54.0,55.0,55.0
Valparaiso,5,Quintero,5107.0,36135.0,4.0,4.0,4.0,5.0,5.0,5.0,6.0,6.0,6.0,7.0,8.0,8.0,8.0,8.0,9.0,9.0,11.0,11.0,12.0,12.0,12.0,12.0,13.0,13.0,13.0,13.0,13.0,13.0,13.0,14.0,14.0
Valparaiso,5,Rinconada,5303.0,11263.0,0.0,0.0,0.0,0.0,1.0,2.0,3.0,3.0,4.0,4.0,4.0,4.0,4.0,4.0,4.0,4.0,4.0,4.0,4.0,4.0,4.0,4.0,4.0,4.0,4.0,4.0,4.0,3.0,3.0,3.0,3.0
Valparaiso,5,San Antonio,5601.0,96761.0,16.0,16.0,18.0,19.0,25.0,25.0,29.0,28.0,29.0,30.0,31.0,33.0,34.0,36.0,37.0,37.0,37.0,38.0,40.0,40.0,41.0,42.0,43.0,45.0,46.0,46.0,47.0,47.0,48.0,50.0,51.0
Valparaiso,5,San Esteban,5304.0,20643.0,0.0,0.0,0.0,0.0,0.0,0.0,1.0,1.0,1.0,2.0,2.0,2.0,3.0,3.0,3.0,4.0,4.0,5.0,5.0,5.0,6.0,6.0,7.0,7.0,7.0,7.0,7.0,8.0,8.0,8.0,8.0
Valparaiso,5,San Felipe,5701.0,83494.0,6.0,7.0,9.0,10.0,17.0,18.0,19.0,21.0,21.0,22.0,23.0,24.0,24.0,27.0,28.0,28.0,28.0,30.0,30.0,31.0,31.0,30.0,32.0,32.0,32.0,33.0,33.0,33.0,33.0,33.0,34.0
Valparaiso,5,Santa María,5706.0,16367.0,0.0,0.0,0.0,0.0,1.0,2.0,3.0,3.0,4.0,4.0,5.0,5.0,5.0,5.0,5.0,5.0,5.0,4.0,4.0,4.0,4.0,5.0,5.0,6.0,6.0,6.0,6.0,6.0,6.0,6.0,6.0
Valparaiso,5,Santo Domingo,5606.0,11934.0,0.0,0.0,0.0,0.0,1.0,1.0,1.0,1.0,1.0,1.0,1.0,1.0,1.0,1.0,2.0,2.0,2.0,2.0,2.0,2.0,2.0,2.0,3.0,3.0,3.0,3.0,3.0,2.0,2.0,2.0,2.0
Valparaiso,5,Valparaíso,5101.0,315732.0,20.0,20.0,24.0,30.0,48.0,49.0,55.0,63.0,71.0,75.0,76.0,80.0,82.0,88.0,91.0,96.0,98.0,102.0,105.0,106.0,108.0,110.0,114.0,117.0,123.0,130.0,134.0,137.0,144.0,146.0,149.0
Valparaiso,5,Villa Alemana,5804.0,139310.0,3.0,5.0,5.0,6.0,11.0,12.0,13.0,13.0,13.0,14.0,16.0,18.0,19.0,19.0,19.0,19.0,22.0,22.0,23.0,25.0,26.0,28.0,28.0,28.0,28.0,28.0,29.0,31.0,31.0,34.0,36.0
Valparaiso,5,Viña del Mar,5109.0,361371.0,23.0,26.0,31.0,35.0,51.0,53.0,64.0,71.0,73.0,78.0,81.0,90.0,94.0,97.0,100.0,107.0,113.0,119.0,122.0,128.0,131.0,137.0,141.0,146.0,148.0,149.0,154.0,158.0,160.0,164.0,168.0
Valparaiso,5,Zapallar,5405.0,7994.0,0.0,0.0,0.0,1.0,2.0,2.0,2.0,2.0,2.0,2.0,2.0,2.0,2.0,2.0,2.0,2.0,3.0,3.0,3.0,3.0,3.0,4.0,4.0,4.0,4.0,4.0,4.0,4.0,4.0,4.0,4.0
Valparaiso,5,Desconocido Valparaiso,,,,,0.0,0.0,0.0,0.0,0.0,0.0,0.0,0.0,0.0,0.0,0.0,0.0,0.0,0.0,0.0,0.0,0.0,0.0,0.0,0.0,0.0,0.0,0.0,0.0,0.0,0.0,0.0,0.0,0.0
Valparaiso,5,Total,,1960170.0,114.0,121.0,147.0,167.0,254.0,272.0,331.0,374.0,399.0,430.0,448.0,475.0,495.0,525.0,550.0,575.0,598.0,624.0,649.0,669.0,686.0,713.0,744.0,774.0,801.0,819.0,842.0,864.0,877.0,898.0,915.0
Metropolitana,13,Alhué,13502.0,7405.0,0.0,0.0,1.0,1.0,1.0,1.0,2.0,2.0,3.0,3.0,3.0,3.0,3.0,3.0,3.0,3.0,4.0,4.0,4.0,4.0,4.0,4.0,4.0,4.0,4.0,4.0,5.0,5.0,5.0,5.0,5.0
Metropolitana,13,Buin,13402.0,109641.0,24.0,26.0,32.0,34.0,46.0,49.0,54.0,58.0,65.0,68.0,71.0,72.0,73.0,74.0,77.0,78.0,78.0,81.0,81.0,81.0,82.0,84.0,84.0,84.0,87.0,89.0,90.0,91.0,92.0,97.0,100.0
Metropolitana,13,Calera de Tango,13403.0,28525.0,0.0,0.0,1.0,2.0,3.0,3.0,5.0,6.0,6.0,6.0,7.0,7.0,7.0,7.0,7.0,7.0,8.0,8.0,9.0,9.0,10.0,10.0,10.0,11.0,11.0,11.0,11.0,11.0,11.0,11.0,11.0
Metropolitana,13,Cerrillos,13102.0,88956.0,19.0,24.0,31.0,35.0,42.0,51.0,53.0,58.0,62.0,66.0,67.0,69.0,75.0,75.0,76.0,78.0,78.0,80.0,80.0,81.0,84.0,85.0,86.0,89.0,90.0,91.0,92.0,96.0,98.0,101.0,102.0
Metropolitana,13,Cerro Navia,13103.0,142465.0,77.0,95.0,108.0,122.0,173.0,183.0,194.0,208.0,214.0,217.0,221.0,225.0,229.0,239.0,242.0,250.0,255.0,257.0,258.0,260.0,261.0,267.0,267.0,272.0,274.0,274.0,275.0,279.0,279.0,281.0,284.0
Metropolitana,13,Colina,13301.0,180353.0,31.0,37.0,42.0,50.0,67.0,75.0,86.0,89.0,92.0,94.0,99.0,100.0,101.0,105.0,107.0,109.0,111.0,111.0,112.0,114.0,117.0,118.0,120.0,122.0,123.0,125.0,126.0,127.0,127.0,131.0,132.0
Metropolitana,13,Conchalí,13104.0,139195.0,69.0,77.0,106.0,118.0,152.0,164.0,175.0,182.0,186.0,194.0,200.0,206.0,209.0,213.0,219.0,222.0,223.0,227.0,229.0,232.0,236.0,242.0,245.0,245.0,248.0,250.0,251.0,256.0,256.0,257.0,257.0
Metropolitana,13,Curacaví,13503.0,36430.0,4.0,4.0,6.0,6.0,10.0,10.0,11.0,13.0,14.0,14.0,14.0,14.0,15.0,16.0,16.0,16.0,17.0,17.0,17.0,17.0,18.0,19.0,20.0,20.0,20.0,20.0,20.0,23.0,23.0,23.0,24.0
Metropolitana,13,El Bosque,13105.0,172000.0,47.0,60.0,80.0,88.0,129.0,143.0,155.0,164.0,178.0,184.0,190.0,194.0,193.0,196.0,202.0,207.0,208.0,214.0,216.0,220.0,221.0,225.0,228.0,231.0,235.0,239.0,239.0,243.0,246.0,251.0,253.0
Metropolitana,13,El Monte,13602.0,40014.0,6.0,6.0,13.0,13.0,23.0,26.0,30.0,35.0,35.0,36.0,36.0,38.0,38.0,39.0,40.0,41.0,41.0,41.0,43.0,43.0,43.0,43.0,43.0,44.0,44.0,44.0,44.0,44.0,44.0,46.0,46.0
Metropolitana,13,Estación Central,13106.0,206792.0,41.0,46.0,67.0,72.0,95.0,99.0,113.0,117.0,122.0,125.0,130.0,133.0,138.0,137.0,141.0,144.0,146.0,147.0,149.0,150.0,150.0,151.0,152.0,153.0,156.0,156.0,157.0,157.0,157.0,158.0,158.0
Metropolitana,13,Huechuraba,13107.0,112528.0,52.0,63.0,72.0,84.0,102.0,106.0,113.0,120.0,124.0,127.0,130.0,130.0,131.0,133.0,135.0,137.0,138.0,138.0,138.0,138.0,141.0,142.0,145.0,146.0,149.0,149.0,151.0,150.0,150.0,152.0,154.0
Metropolitana,13,Independencia,13108.0,142065.0,111.0,123.0,144.0,154.0,165.0,176.0,192.0,199.0,206.0,209.0,214.0,219.0,225.0,231.0,235.0,238.0,241.0,242.0,247.0,250.0,254.0,259.0,260.0,262.0,264.0,268.0,269.0,273.0,275.0,276.0,278.0
Metropolitana,13,Isla de Maipo,13603.0,40171.0,6.0,9.0,12.0,12.0,13.0,13.0,13.0,15.0,17.0,17.0,17.0,17.0,17.0,17.0,18.0,19.0,19.0,19.0,20.0,21.0,21.0,21.0,22.0,23.0,23.0,24.0,24.0,24.0,24.0,24.0,24.0
Metropolitana,13,La Cisterna,13109.0,100434.0,32.0,42.0,50.0,59.0,81.0,86.0,88.0,99.0,99.0,101.0,103.0,105.0,106.0,108.0,109.0,114.0,116.0,121.0,125.0,126.0,126.0,129.0,133.0,136.0,136.0,136.0,136.0,134.0,134.0,135.0,136.0
Metropolitana,13,La Florida,13110.0,402433.0,157.0,171.0,198.0,218.0,289.0,310.0,341.0,366.0,387.0,407.0,419.0,427.0,431.0,443.0,451.0,460.0,468.0,472.0,481.0,492.0,496.0,504.0,506.0,513.0,517.0,522.0,528.0,533.0,536.0,545.0,552.0
Metropolitana,13,La Granja,13111.0,122557.0,72.0,88.0,102.0,111.0,142.0,151.0,159.0,168.0,173.0,176.0,182.0,183.0,185.0,189.0,194.0,196.0,201.0,201.0,204.0,206.0,206.0,207.0,209.0,210.0,211.0,212.0,213.0,213.0,214.0,218.0,220.0
Metropolitana,13,La Pintana,13112.0,189335.0,78.0,92.0,123.0,138.0,201.0,212.0,242.0,255.0,271.0,277.0,284.0,286.0,289.0,297.0,304.0,307.0,310.0,314.0,316.0,320.0,321.0,325.0,326.0,327.0,329.0,330.0,334.0,334.0,335.0,340.0,342.0
Metropolitana,13,La Reina,13113.0,100252.0,28.0,33.0,39.0,41.0,53.0,58.0,63.0,67.0,72.0,75.0,78.0,81.0,82.0,85.0,85.0,86.0,87.0,90.0,90.0,92.0,92.0,92.0,92.0,92.0,92.0,93.0,94.0,94.0,94.0,94.0,96.0
Metropolitana,13,Lampa,13302.0,126898.0,18.0,20.0,25.0,29.0,35.0,39.0,44.0,47.0,50.0,49.0,49.0,49.0,49.0,50.0,51.0,52.0,52.0,53.0,53.0,53.0,54.0,54.0,54.0,54.0,55.0,57.0,57.0,59.0,59.0,59.0,59.0
Metropolitana,13,Las Condes,13114.0,330759.0,94.0,101.0,114.0,128.0,189.0,209.0,232.0,243.0,250.0,256.0,259.0,265.0,274.0,276.0,281.0,290.0,296.0,301.0,304.0,309.0,313.0,318.0,319.0,321.0,325.0,326.0,326.0,329.0,330.0,331.0,334.0
Metropolitana,13,Lo Barnechea,13115.0,124076.0,19.0,21.0,31.0,35.0,45.0,47.0,54.0,58.0,61.0,62.0,63.0,64.0,66.0,68.0,68.0,70.0,72.0,72.0,74.0,74.0,74.0,74.0,75.0,76.0,76.0,78.0,78.0,81.0,83.0,86.0,86.0
Metropolitana,13,Lo Espejo,13116.0,103865.0,55.0,60.0,82.0,87.0,112.0,125.0,135.0,148.0,159.0,167.0,173.0,177.0,179.0,181.0,181.0,184.0,188.0,188.0,189.0,193.0,196.0,198.0,201.0,202.0,205.0,207.0,207.0,208.0,211.0,214.0,216.0
Metropolitana,13,Lo Prado,13117.0,104403.0,45.0,50.0,62.0,66.0,92.0,105.0,111.0,118.0,124.0,124.0,125.0,127.0,128.0,129.0,131.0,136.0,138.0,142.0,142.0,143.0,146.0,150.0,150.0,152.0,154.0,155.0,157.0,158.0,158.0,161.0,162.0
Metropolitana,13,Macul,13118.0,134635.0,48.0,56.0,65.0,71.0,103.0,111.0,121.0,127.0,140.0,142.0,148.0,150.0,150.0,153.0,153.0,153.0,154.0,157.0,159.0,162.0,165.0,168.0,171.0,171.0,172.0,173.0,173.0,174.0,175.0,175.0,176.0
Metropolitana,13,Maipú,13119.0,578605.0,113.0,130.0,155.0,180.0,229.0,246.0,266.0,289.0,306.0,315.0,326.0,334.0,349.0,359.0,370.0,376.0,381.0,393.0,401.0,405.0,413.0,421.0,423.0,429.0,434.0,448.0,453.0,464.0,467.0,476.0,481.0
Metropolitana,13,María Pinto,13504.0,14926.0,1.0,1.0,1.0,1.0,1.0,3.0,4.0,4.0,4.0,4.0,4.0,4.0,4.0,5.0,5.0,5.0,7.0,7.0,7.0,7.0,7.0,7.0,7.0,7.0,7.0,7.0,7.0,7.0,7.0,7.0,7.0
Metropolitana,13,Melipilla,13501.0,141612.0,24.0,29.0,41.0,42.0,58.0,61.0,74.0,78.0,85.0,92.0,97.0,106.0,108.0,111.0,111.0,114.0,113.0,114.0,117.0,119.0,119.0,121.0,123.0,123.0,123.0,125.0,126.0,127.0,129.0,129.0,130.0
Metropolitana,13,Ñuñoa,13120.0,250192.0,65.0,74.0,100.0,111.0,161.0,174.0,182.0,194.0,204.0,211.0,217.0,226.0,233.0,236.0,240.0,242.0,243.0,250.0,251.0,257.0,260.0,266.0,269.0,271.0,273.0,276.0,278.0,281.0,283.0,285.0,288.0
Metropolitana,13,Padre Hurtado,13604.0,74188.0,16.0,18.0,20.0,24.0,37.0,39.0,40.0,46.0,46.0,47.0,48.0,49.0,49.0,49.0,49.0,51.0,51.0,52.0,52.0,55.0,55.0,59.0,61.0,62.0,62.0,63.0,65.0,65.0,65.0,65.0,65.0
Metropolitana,13,Paine,13404.0,82766.0,5.0,6.0,8.0,12.0,19.0,23.0,25.0,32.0,33.0,34.0,36.0,38.0,41.0,41.0,42.0,44.0,44.0,44.0,45.0,45.0,47.0,48.0,50.0,50.0,50.0,51.0,53.0,54.0,54.0,57.0,63.0
Metropolitana,13,Pedro Aguirre Cerda,13121.0,107803.0,48.0,55.0,83.0,95.0,140.0,146.0,155.0,167.0,176.0,177.0,182.0,187.0,191.0,194.0,199.0,201.0,206.0,207.0,209.0,214.0,216.0,220.0,221.0,224.0,226.0,227.0,230.0,228.0,228.0,229.0,231.0
Metropolitana,13,Peñaflor,13605.0,101058.0,21.0,25.0,34.0,37.0,67.0,71.0,79.0,84.0,87.0,89.0,91.0,96.0,101.0,107.0,108.0,110.0,111.0,112.0,115.0,116.0,119.0,127.0,129.0,132.0,136.0,138.0,139.0,140.0,140.0,144.0,145.0
Metropolitana,13,Peñalolén,13122.0,266798.0,93.0,113.0,137.0,147.0,192.0,202.0,226.0,248.0,259.0,270.0,275.0,286.0,292.0,302.0,306.0,311.0,314.0,314.0,317.0,320.0,322.0,323.0,323.0,325.0,327.0,328.0,329.0,335.0,337.0,339.0,343.0
Metropolitana,13,Pirque,13202.0,30433.0,1.0,2.0,6.0,6.0,8.0,10.0,21.0,23.0,24.0,24.0,24.0,26.0,26.0,26.0,27.0,28.0,29.0,29.0,29.0,30.0,31.0,31.0,31.0,31.0,31.0,31.0,31.0,31.0,31.0,31.0,31.0
Metropolitana,13,Providencia,13123.0,157749.0,53.0,61.0,69.0,74.0,84.0,96.0,107.0,114.0,121.0,129.0,132.0,133.0,138.0,143.0,148.0,149.0,152.0,155.0,157.0,160.0,162.0,163.0,163.0,167.0,169.0,171.0,172.0,171.0,171.0,173.0,174.0
Metropolitana,13,Pudahuel,13124.0,253139.0,68.0,85.0,96.0,108.0,144.0,156.0,174.0,181.0,192.0,198.0,202.0,212.0,220.0,223.0,231.0,236.0,241.0,245.0,245.0,245.0,247.0,251.0,251.0,254.0,255.0,258.0,261.0,258.0,260.0,262.0,266.0
Metropolitana,13,Puente Alto,13201.0,645909.0,156.0,183.0,231.0,252.0,341.0,368.0,416.0,442.0,467.0,481.0,497.0,508.0,523.0,534.0,542.0,558.0,567.0,573.0,580.0,585.0,592.0,600.0,599.0,608.0,616.0,633.0,647.0,652.0,658.0,664.0,671.0
Metropolitana,13,Quilicura,13125.0,254694.0,47.0,53.0,62.0,69.0,91.0,99.0,110.0,117.0,123.0,123.0,130.0,133.0,137.0,140.0,144.0,147.0,147.0,149.0,153.0,155.0,156.0,158.0,162.0,169.0,171.0,172.0,173.0,173.0,173.0,175.0,176.0
Metropolitana,13,Quinta Normal,13126.0,136368.0,57.0,68.0,83.0,89.0,116.0,128.0,134.0,140.0,147.0,152.0,155.0,161.0,164.0,168.0,168.0,170.0,173.0,172.0,172.0,174.0,175.0,178.0,180.0,185.0,185.0,187.0,190.0,192.0,192.0,192.0,192.0
Metropolitana,13,Recoleta,13127.0,190075.0,106.0,135.0,165.0,171.0,227.0,239.0,254.0,268.0,277.0,281.0,283.0,288.0,290.0,292.0,298.0,300.0,301.0,301.0,301.0,304.0,306.0,309.0,316.0,319.0,321.0,323.0,329.0,331.0,334.0,335.0,338.0
Metropolitana,13,Renca,13128.0,160847.0,55.0,71.0,95.0,99.0,142.0,160.0,172.0,182.0,186.0,195.0,203.0,210.0,214.0,222.0,233.0,235.0,238.0,242.0,246.0,249.0,251.0,254.0,254.0,255.0,258.0,260.0,262.0,265.0,265.0,269.0,269.0
Metropolitana,13,San Bernardo,13401.0,334836.0,91.0,115.0,144.0,158.0,207.0,225.0,244.0,263.0,276.0,283.0,288.0,300.0,306.0,312.0,317.0,323.0,323.0,328.0,332.0,339.0,342.0,344.0,350.0,354.0,356.0,359.0,360.0,363.0,364.0,366.0,371.0
Metropolitana,13,San Joaquín,13129.0,103485.0,55.0,62.0,73.0,77.0,100.0,104.0,113.0,129.0,133.0,142.0,143.0,148.0,148.0,150.0,150.0,152.0,153.0,155.0,156.0,158.0,159.0,161.0,162.0,164.0,165.0,167.0,169.0,174.0,175.0,176.0,178.0
Metropolitana,13,San José de Maipo,13203.0,18644.0,14.0,14.0,13.0,13.0,15.0,15.0,16.0,17.0,17.0,17.0,18.0,19.0,19.0,19.0,18.0,20.0,20.0,20.0,20.0,20.0,20.0,20.0,21.0,21.0,21.0,22.0,22.0,22.0,22.0,23.0,23.0
Metropolitana,13,San Miguel,13130.0,133059.0,47.0,50.0,61.0,70.0,85.0,93.0,95.0,105.0,111.0,119.0,125.0,126.0,130.0,132.0,131.0,134.0,136.0,139.0,141.0,143.0,145.0,149.0,152.0,158.0,160.0,164.0,164.0,168.0,169.0,169.0,173.0
Metropolitana,13,San Pedro,13505.0,11953.0,2.0,2.0,3.0,3.0,3.0,3.0,3.0,3.0,3.0,3.0,3.0,3.0,4.0,4.0,4.0,4.0,4.0,4.0,4.0,4.0,4.0,4.0,4.0,4.0,4.0,4.0,4.0,4.0,4.0,4.0,4.0
Metropolitana,13,San Ramón,13131.0,86510.0,71.0,76.0,87.0,97.0,102.0,112.0,124.0,130.0,135.0,136.0,142.0,150.0,152.0,153.0,155.0,160.0,162.0,162.0,165.0,168.0,170.0,172.0,172.0,172.0,172.0,174.0,175.0,178.0,179.0,181.0,183.0
Metropolitana,13,Santiago,13101.0,503147.0,105.0,117.0,141.0,150.0,180.0,198.0,222.0,236.0,239.0,245.0,257.0,262.0,270.0,275.0,277.0,278.0,280.0,280.0,280.0,282.0,283.0,285.0,288.0,289.0,290.0,291.0,292.0,292.0,293.0,295.0,296.0
Metropolitana,13,Talagante,13601.0,81838.0,9.0,13.0,15.0,20.0,32.0,39.0,42.0,49.0,51.0,54.0,56.0,56.0,58.0,59.0,60.0,62.0,62.0,63.0,63.0,65.0,66.0,66.0,67.0,67.0,67.0,68.0,68.0,69.0,69.0,70.0,70.0
Metropolitana,13,Tiltil,13303.0,21477.0,3.0,4.0,5.0,6.0,9.0,9.0,9.0,10.0,11.0,12.0,12.0,12.0,12.0,12.0,12.0,13.0,13.0,13.0,13.0,13.0,13.0,13.0,13.0,14.0,14.0,14.0,14.0,14.0,14.0,14.0,14.0
Metropolitana,13,Vitacura,13132.0,96774.0,14.0,18.0,24.0,25.0,37.0,40.0,47.0,48.0,51.0,55.0,55.0,57.0,60.0,61.0,61.0,61.0,61.0,61.0,61.0,61.0,62.0,62.0,63.0,63.0,63.0,63.0,64.0,64.0,64.0,64.0,65.0
Metropolitana,13,Desconocido Metropolitana,,,,,0.0,0.0,0.0,0.0,0.0,0.0,0.0,0.0,0.0,0.0,0.0,0.0,0.0,0.0,0.0,0.0,0.0,0.0,0.0,0.0,0.0,0.0,0.0,0.0,0.0,0.0,0.0,0.0,0.0
Metropolitana,13,Total,,8125072.0,2473.0,2884.0,3558.0,3910.0,5190.0,5611.0,6140.0,6561.0,6874.0,7084.0,7283.0,7471.0,7632.0,7793.0,7932.0,8081.0,8181.0,8281.0,8372.0,8483.0,8573.0,8701.0,8776.0,8877.0,8956.0,9057.0,9134.0,9218.0,9263.0,9365.0,9454.0
Del Libertador General Bernardo O’Higgins,6,Chépica,6302.0,15925.0,0.0,0.0,0.0,0.0,1.0,1.0,1.0,1.0,2.0,2.0,3.0,4.0,4.0,4.0,4.0,4.0,4.0,4.0,4.0,4.0,5.0,5.0,5.0,5.0,5.0,7.0,7.0,8.0,9.0,9.0,10.0
Del Libertador General Bernardo O’Higgins,6,Chimbarongo,6303.0,37696.0,1.0,1.0,1.0,1.0,1.0,3.0,3.0,3.0,3.0,3.0,3.0,3.0,4.0,4.0,5.0,6.0,6.0,6.0,6.0,6.0,6.0,6.0,6.0,6.0,6.0,7.0,8.0,8.0,8.0,8.0,8.0
Del Libertador General Bernardo O’Higgins,6,Codegua,6102.0,14096.0,0.0,0.0,1.0,1.0,2.0,2.0,2.0,3.0,3.0,3.0,4.0,5.0,5.0,5.0,5.0,5.0,5.0,6.0,6.0,6.0,6.0,6.0,7.0,7.0,7.0,7.0,9.0,9.0,9.0,9.0,9.0
Del Libertador General Bernardo O’Higgins,6,Coinco,6103.0,7831.0,1.0,1.0,1.0,1.0,2.0,2.0,3.0,3.0,3.0,3.0,3.0,3.0,3.0,3.0,3.0,4.0,4.0,4.0,4.0,4.0,5.0,5.0,5.0,5.0,5.0,6.0,6.0,7.0,7.0,7.0,8.0
Del Libertador General Bernardo O’Higgins,6,Coltauco,6104.0,21263.0,1.0,2.0,2.0,3.0,3.0,3.0,3.0,3.0,3.0,4.0,4.0,5.0,6.0,6.0,7.0,7.0,8.0,9.0,10.0,10.0,10.0,12.0,15.0,15.0,15.0,15.0,16.0,16.0,16.0,17.0,17.0
Del Libertador General Bernardo O’Higgins,6,Doñihue,6105.0,22700.0,2.0,2.0,2.0,2.0,2.0,2.0,3.0,5.0,5.0,5.0,5.0,5.0,6.0,6.0,6.0,7.0,7.0,8.0,8.0,8.0,8.0,8.0,8.0,8.0,8.0,9.0,9.0,9.0,9.0,11.0,13.0
Del Libertador General Bernardo O’Higgins,6,Graneros,6106.0,36504.0,1.0,1.0,1.0,1.0,2.0,2.0,3.0,3.0,3.0,3.0,4.0,3.0,3.0,3.0,3.0,4.0,4.0,4.0,4.0,4.0,4.0,4.0,4.0,4.0,4.0,4.0,5.0,6.0,6.0,7.0,7.0
Del Libertador General Bernardo O’Higgins,6,La Estrella,6202.0,3114.0,0.0,0.0,0.0,0.0,0.0,0.0,0.0,0.0,0.0,0.0,0.0,0.0,0.0,0.0,0.0,0.0,0.0,0.0,0.0,0.0,0.0,0.0,0.0,0.0,0.0,0.0,0.0,0.0,0.0,0.0,0.0
Del Libertador General Bernardo O’Higgins,6,Las Cabras,6107.0,26749.0,0.0,0.0,0.0,0.0,1.0,2.0,2.0,2.0,3.0,4.0,4.0,5.0,5.0,6.0,6.0,6.0,6.0,6.0,6.0,7.0,8.0,8.0,8.0,10.0,10.0,10.0,11.0,12.0,12.0,12.0,12.0
Del Libertador General Bernardo O’Higgins,6,Litueche,6203.0,6765.0,1.0,1.0,1.0,1.0,1.0,1.0,1.0,1.0,1.0,1.0,1.0,2.0,2.0,2.0,2.0,2.0,2.0,2.0,2.0,2.0,2.0,2.0,2.0,2.0,2.0,2.0,2.0,2.0,2.0,2.0,2.0
Del Libertador General Bernardo O’Higgins,6,Lolol,6304.0,7289.0,0.0,0.0,0.0,0.0,0.0,0.0,0.0,1.0,1.0,1.0,1.0,1.0,1.0,2.0,2.0,2.0,2.0,2.0,2.0,2.0,2.0,2.0,2.0,2.0,2.0,1.0,1.0,1.0,1.0,1.0,1.0
Del Libertador General Bernardo O’Higgins,6,Machalí,6108.0,59913.0,2.0,2.0,3.0,3.0,6.0,6.0,7.0,8.0,8.0,8.0,8.0,8.0,9.0,10.0,11.0,12.0,12.0,13.0,13.0,13.0,13.0,13.0,13.0,13.0,13.0,13.0,13.0,14.0,14.0,16.0,16.0
Del Libertador General Bernardo O’Higgins,6,Malloa,6109.0,14163.0,0.0,0.0,0.0,0.0,2.0,2.0,2.0,2.0,2.0,2.0,2.0,4.0,4.0,4.0,5.0,5.0,5.0,5.0,5.0,5.0,5.0,6.0,6.0,6.0,6.0,6.0,6.0,6.0,6.0,6.0,6.0
Del Libertador General Bernardo O’Higgins,6,Marchihue,6204.0,7632.0,0.0,0.0,0.0,0.0,0.0,0.0,0.0,0.0,0.0,0.0,0.0,0.0,0.0,0.0,0.0,0.0,0.0,0.0,0.0,0.0,0.0,0.0,0.0,0.0,1.0,1.0,1.0,1.0,2.0,2.0,2.0
Del Libertador General Bernardo O’Higgins,6,Mostazal,6110.0,27462.0,2.0,2.0,3.0,3.0,3.0,3.0,3.0,3.0,3.0,4.0,4.0,4.0,5.0,5.0,5.0,5.0,5.0,5.0,5.0,6.0,6.0,6.0,6.0,6.0,7.0,7.0,7.0,7.0,7.0,7.0,7.0
Del Libertador General Bernardo O’Higgins,6,Nancagua,6305.0,19141.0,0.0,0.0,0.0,0.0,0.0,0.0,2.0,2.0,2.0,3.0,3.0,3.0,3.0,3.0,3.0,3.0,3.0,3.0,3.0,3.0,3.0,3.0,3.0,3.0,3.0,3.0,3.0,3.0,3.0,3.0,3.0
Del Libertador General Bernardo O’Higgins,6,Navidad,6205.0,6904.0,0.0,0.0,0.0,0.0,0.0,0.0,0.0,1.0,1.0,1.0,1.0,1.0,1.0,1.0,1.0,1.0,2.0,2.0,2.0,2.0,2.0,2.0,2.0,2.0,2.0,2.0,2.0,2.0,2.0,2.0,2.0
Del Libertador General Bernardo O’Higgins,6,Olivar,6111.0,14624.0,1.0,1.0,1.0,1.0,1.0,1.0,2.0,3.0,3.0,3.0,3.0,3.0,4.0,4.0,4.0,4.0,4.0,4.0,4.0,4.0,4.0,5.0,6.0,6.0,6.0,6.0,6.0,6.0,6.0,6.0,6.0
Del Libertador General Bernardo O’Higgins,6,Palmilla,6306.0,13299.0,0.0,0.0,1.0,1.0,2.0,2.0,2.0,2.0,2.0,2.0,2.0,2.0,2.0,3.0,3.0,3.0,4.0,4.0,4.0,4.0,4.0,4.0,4.0,4.0,4.0,4.0,4.0,4.0,4.0,4.0,4.0
Del Libertador General Bernardo O’Higgins,6,Paredones,6206.0,6349.0,0.0,0.0,0.0,0.0,0.0,0.0,0.0,0.0,0.0,0.0,1.0,1.0,1.0,1.0,1.0,2.0,2.0,2.0,2.0,2.0,2.0,2.0,2.0,2.0,2.0,2.0,2.0,2.0,2.0,2.0,2.0
Del Libertador General Bernardo O’Higgins,6,Peralillo,6307.0,11848.0,0.0,0.0,0.0,0.0,1.0,1.0,1.0,1.0,1.0,1.0,1.0,1.0,1.0,1.0,1.0,1.0,1.0,1.0,1.0,1.0,1.0,1.0,1.0,1.0,1.0,1.0,1.0,1.0,1.0,1.0,1.0
Del Libertador General Bernardo O’Higgins,6,Peumo,6112.0,14952.0,0.0,0.0,0.0,1.0,3.0,3.0,3.0,3.0,3.0,3.0,3.0,4.0,4.0,5.0,5.0,5.0,5.0,7.0,7.0,7.0,7.0,7.0,7.0,7.0,8.0,9.0,9.0,10.0,10.0,10.0,11.0
Del Libertador General Bernardo O’Higgins,6,Pichidegua,6113.0,20743.0,0.0,0.0,0.0,0.0,1.0,1.0,3.0,3.0,3.0,3.0,4.0,4.0,4.0,4.0,4.0,4.0,5.0,5.0,5.0,5.0,5.0,5.0,5.0,6.0,6.0,7.0,7.0,7.0,7.0,7.0,7.0
Del Libertador General Bernardo O’Higgins,6,Pichilemu,6201.0,17882.0,0.0,0.0,0.0,0.0,0.0,0.0,0.0,0.0,0.0,0.0,0.0,0.0,0.0,0.0,0.0,0.0,0.0,0.0,0.0,0.0,0.0,0.0,0.0,0.0,0.0,0.0,0.0,0.0,0.0,0.0,2.0
Del Libertador General Bernardo O’Higgins,6,Placilla,6308.0,9164.0,0.0,0.0,0.0,0.0,0.0,0.0,0.0,0.0,0.0,0.0,0.0,0.0,0.0,0.0,0.0,0.0,0.0,0.0,0.0,0.0,0.0,0.0,0.0,0.0,0.0,0.0,0.0,0.0,0.0,1.0,1.0
Del Libertador General Bernardo O’Higgins,6,Pumanque,6309.0,3531.0,0.0,0.0,0.0,0.0,0.0,0.0,0.0,0.0,0.0,0.0,0.0,0.0,1.0,1.0,1.0,1.0,1.0,1.0,1.0,1.0,1.0,1.0,1.0,1.0,1.0,1.0,1.0,1.0,1.0,1.0,1.0
Del Libertador General Bernardo O’Higgins,6,Quinta de Tilcoco,6114.0,13877.0,0.0,0.0,0.0,0.0,1.0,1.0,1.0,1.0,1.0,3.0,3.0,3.0,3.0,3.0,3.0,3.0,4.0,4.0,4.0,4.0,4.0,4.0,4.0,4.0,4.0,4.0,4.0,4.0,4.0,5.0,5.0
Del Libertador General Bernardo O’Higgins,6,Rancagua,6101.0,265211.0,11.0,12.0,19.0,21.0,29.0,29.0,42.0,55.0,64.0,72.0,78.0,86.0,94.0,101.0,109.0,111.0,116.0,121.0,125.0,131.0,134.0,134.0,139.0,140.0,141.0,143.0,146.0,151.0,151.0,159.0,161.0
Del Libertador General Bernardo O’Higgins,6,Rengo,6115.0,63710.0,0.0,0.0,0.0,1.0,3.0,2.0,2.0,3.0,3.0,5.0,10.0,12.0,15.0,18.0,21.0,23.0,26.0,29.0,31.0,31.0,32.0,33.0,33.0,33.0,33.0,34.0,34.0,34.0,34.0,35.0,35.0
Del Libertador General Bernardo O’Higgins,6,Requínoa,6116.0,30371.0,0.0,0.0,1.0,1.0,2.0,2.0,3.0,3.0,4.0,5.0,6.0,6.0,7.0,8.0,7.0,7.0,8.0,8.0,8.0,10.0,10.0,10.0,10.0,10.0,10.0,10.0,10.0,11.0,11.0,11.0,11.0
Del Libertador General Bernardo O’Higgins,6,San Fernando,6301.0,78642.0,2.0,2.0,2.0,3.0,5.0,5.0,5.0,5.0,5.0,6.0,6.0,7.0,7.0,7.0,8.0,8.0,9.0,9.0,9.0,9.0,9.0,9.0,9.0,9.0,9.0,9.0,10.0,11.0,11.0,12.0,12.0
Del Libertador General Bernardo O’Higgins,6,San Vicente,6117.0,50617.0,1.0,2.0,2.0,2.0,4.0,4.0,6.0,6.0,6.0,7.0,7.0,9.0,10.0,10.0,11.0,11.0,12.0,12.0,12.0,12.0,14.0,15.0,15.0,16.0,16.0,16.0,16.0,16.0,16.0,17.0,18.0
Del Libertador General Bernardo O’Higgins,6,Santa Cruz,6310.0,41096.0,1.0,1.0,1.0,1.0,1.0,1.0,2.0,3.0,3.0,3.0,6.0,6.0,7.0,7.0,7.0,7.0,7.0,7.0,7.0,7.0,8.0,9.0,9.0,11.0,12.0,12.0,13.0,13.0,14.0,15.0,17.0
Del Libertador General Bernardo O’Higgins,6,Desconocido O’Higgins,,,,,0.0,0.0,0.0,0.0,0.0,0.0,0.0,0.0,0.0,0.0,0.0,0.0,0.0,0.0,0.0,0.0,0.0,0.0,0.0,0.0,0.0,0.0,0.0,0.0,0.0,0.0,0.0,0.0,0.0
Del Libertador General Bernardo O’Higgins,6,Total,,991063.0,27.0,30.0,42.0,48.0,79.0,81.0,107.0,129.0,141.0,160.0,180.0,200.0,221.0,237.0,253.0,263.0,279.0,293.0,300.0,310.0,320.0,327.0,337.0,344.0,349.0,358.0,369.0,382.0,385.0,405.0,417.0
Maule,7,Cauquenes,7201.0,44143.0,2.0,2.0,2.0,3.0,4.0,4.0,5.0,6.0,6.0,7.0,7.0,8.0,10.0,10.0,10.0,10.0,9.0,9.0,10.0,10.0,10.0,10.0,10.0,11.0,11.0,11.0,11.0,11.0,11.0,12.0,12.0
Maule,7,Chanco,7202.0,9331.0,0.0,0.0,0.0,0.0,0.0,0.0,0.0,0.0,0.0,0.0,0.0,0.0,0.0,1.0,1.0,1.0,1.0,1.0,1.0,1.0,1.0,1.0,1.0,1.0,1.0,1.0,2.0,2.0,2.0,3.0,3.0
Maule,7,Colbún,7402.0,22565.0,0.0,0.0,0.0,0.0,0.0,0.0,0.0,0.0,0.0,0.0,0.0,0.0,1.0,1.0,1.0,1.0,1.0,1.0,1.0,1.0,2.0,2.0,2.0,2.0,3.0,3.0,3.0,3.0,3.0,3.0,3.0
Maule,7,Constitución,7102.0,50348.0,0.0,0.0,0.0,1.0,2.0,2.0,3.0,3.0,3.0,3.0,3.0,3.0,3.0,5.0,6.0,6.0,6.0,6.0,6.0,6.0,6.0,7.0,7.0,7.0,7.0,7.0,7.0,7.0,8.0,8.0,8.0
Maule,7,Curepto,7103.0,9426.0,1.0,1.0,1.0,1.0,2.0,2.0,2.0,2.0,2.0,2.0,2.0,3.0,3.0,3.0,3.0,4.0,4.0,4.0,4.0,4.0,4.0,5.0,5.0,5.0,5.0,5.0,6.0,6.0,6.0,6.0,6.0
Maule,7,Curicó,7301.0,163626.0,4.0,6.0,6.0,7.0,10.0,11.0,17.0,21.0,26.0,27.0,28.0,30.0,31.0,34.0,40.0,42.0,46.0,54.0,58.0,61.0,66.0,67.0,67.0,67.0,69.0,72.0,73.0,75.0,75.0,76.0,78.0
Maule,7,Empedrado,7104.0,4206.0,0.0,0.0,0.0,0.0,0.0,0.0,0.0,0.0,0.0,0.0,0.0,0.0,0.0,0.0,0.0,0.0,0.0,0.0,0.0,0.0,0.0,0.0,0.0,0.0,0.0,0.0,0.0,0.0,0.0,0.0,0.0
Maule,7,Hualañé,7302.0,10222.0,1.0,1.0,1.0,1.0,1.0,1.0,2.0,2.0,2.0,2.0,2.0,2.0,2.0,2.0,2.0,2.0,2.0,2.0,2.0,2.0,2.0,2.0,2.0,2.0,2.0,2.0,2.0,2.0,2.0,2.0,2.0
Maule,7,Licantén,7303.0,6989.0,0.0,0.0,0.0,0.0,0.0,0.0,1.0,1.0,1.0,1.0,1.0,1.0,2.0,2.0,3.0,3.0,3.0,3.0,3.0,3.0,3.0,3.0,3.0,3.0,3.0,3.0,3.0,4.0,4.0,5.0,5.0
Maule,7,Linares,7401.0,101073.0,1.0,1.0,1.0,2.0,2.0,6.0,7.0,7.0,7.0,7.0,9.0,9.0,13.0,14.0,16.0,17.0,18.0,18.0,20.0,20.0,23.0,24.0,25.0,27.0,28.0,28.0,29.0,31.0,31.0,31.0,31.0
Maule,7,Longaví,7403.0,32810.0,0.0,1.0,1.0,1.0,1.0,1.0,2.0,2.0,2.0,2.0,2.0,2.0,2.0,2.0,2.0,2.0,2.0,2.0,3.0,3.0,3.0,3.0,3.0,3.0,3.0,3.0,3.0,3.0,3.0,3.0,3.0
Maule,7,Maule,7105.0,60000.0,0.0,0.0,0.0,0.0,0.0,0.0,0.0,1.0,2.0,2.0,2.0,2.0,4.0,4.0,4.0,4.0,4.0,4.0,4.0,5.0,5.0,5.0,5.0,5.0,5.0,5.0,5.0,5.0,5.0,5.0,5.0
Maule,7,Molina,7304.0,49800.0,1.0,1.0,2.0,2.0,2.0,2.0,5.0,7.0,7.0,8.0,9.0,9.0,11.0,11.0,12.0,12.0,13.0,13.0,13.0,13.0,13.0,14.0,14.0,15.0,15.0,15.0,15.0,15.0,15.0,15.0,16.0
Maule,7,Parral,7404.0,44544.0,0.0,0.0,0.0,0.0,0.0,0.0,1.0,2.0,2.0,2.0,2.0,3.0,3.0,3.0,3.0,3.0,3.0,3.0,3.0,3.0,4.0,4.0,4.0,4.0,4.0,4.0,4.0,5.0,5.0,8.0,8.0
Maule,7,Pelarco,7106.0,9083.0,0.0,0.0,0.0,0.0,0.0,1.0,1.0,1.0,1.0,1.0,1.0,1.0,2.0,2.0,2.0,2.0,2.0,2.0,3.0,3.0,3.0,3.0,3.0,3.0,3.0,3.0,3.0,3.0,3.0,3.0,3.0
Maule,7,Pelluhue,7203.0,8092.0,0.0,0.0,0.0,0.0,1.0,1.0,1.0,1.0,1.0,2.0,2.0,2.0,2.0,2.0,2.0,2.0,2.0,3.0,3.0,3.0,4.0,4.0,4.0,3.0,4.0,4.0,4.0,4.0,4.0,4.0,4.0
Maule,7,Pencahue,7107.0,8601.0,0.0,0.0,0.0,0.0,0.0,0.0,0.0,0.0,0.0,0.0,0.0,0.0,0.0,0.0,0.0,0.0,0.0,0.0,0.0,0.0,0.0,1.0,1.0,1.0,1.0,1.0,1.0,1.0,1.0,1.0,1.0
Maule,7,Rauco,7305.0,11248.0,0.0,0.0,0.0,0.0,0.0,0.0,0.0,0.0,0.0,0.0,0.0,1.0,1.0,1.0,1.0,1.0,1.0,1.0,1.0,1.0,1.0,1.0,1.0,1.0,1.0,2.0,2.0,2.0,3.0,4.0,5.0
Maule,7,Retiro,7405.0,21071.0,0.0,0.0,0.0,0.0,0.0,0.0,0.0,0.0,0.0,0.0,0.0,0.0,0.0,0.0,0.0,0.0,0.0,0.0,0.0,0.0,0.0,0.0,0.0,0.0,0.0,1.0,1.0,1.0,1.0,2.0,2.0
Maule,7,Río Claro,7108.0,14753.0,2.0,2.0,2.0,2.0,2.0,2.0,3.0,4.0,5.0,5.0,5.0,5.0,6.0,6.0,6.0,6.0,6.0,6.0,6.0,6.0,6.0,6.0,6.0,6.0,6.0,6.0,6.0,6.0,6.0,6.0,6.0
Maule,7,Romeral,7306.0,16170.0,0.0,0.0,0.0,0.0,2.0,2.0,2.0,3.0,3.0,3.0,3.0,3.0,3.0,4.0,4.0,4.0,5.0,5.0,6.0,6.0,7.0,7.0,7.0,7.0,7.0,7.0,7.0,7.0,7.0,7.0,7.0
Maule,7,Sagrada Familia,7307.0,19469.0,0.0,0.0,0.0,0.0,0.0,0.0,0.0,1.0,1.0,1.0,1.0,1.0,1.0,1.0,1.0,1.0,1.0,1.0,1.0,1.0,1.0,1.0,1.0,1.0,1.0,1.0,1.0,1.0,1.0,1.0,1.0
Maule,7,San Clemente,7109.0,46292.0,1.0,1.0,2.0,2.0,4.0,4.0,4.0,4.0,4.0,4.0,4.0,4.0,7.0,8.0,10.0,10.0,10.0,11.0,11.0,11.0,11.0,11.0,11.0,11.0,11.0,12.0,12.0,12.0,12.0,12.0,12.0
Maule,7,San Javier,7406.0,49451.0,0.0,0.0,0.0,0.0,1.0,1.0,4.0,6.0,8.0,9.0,9.0,9.0,12.0,12.0,13.0,13.0,13.0,13.0,13.0,13.0,15.0,16.0,17.0,17.0,17.0,17.0,17.0,17.0,18.0,18.0,18.0
Maule,7,San Rafael,7110.0,9959.0,0.0,0.0,0.0,0.0,0.0,0.0,0.0,0.0,0.0,0.0,0.0,0.0,0.0,0.0,0.0,0.0,0.0,0.0,0.0,0.0,0.0,0.0,0.0,1.0,1.0,1.0,1.0,1.0,1.0,1.0,1.0
Maule,7,Talca,7101.0,236724.0,3.0,3.0,3.0,4.0,9.0,9.0,11.0,15.0,21.0,23.0,24.0,24.0,26.0,32.0,35.0,35.0,35.0,36.0,36.0,41.0,44.0,44.0,44.0,45.0,45.0,46.0,47.0,49.0,51.0,52.0,52.0
Maule,7,Teno,7308.0,30850.0,1.0,1.0,1.0,1.0,3.0,3.0,3.0,3.0,3.0,3.0,4.0,4.0,4.0,5.0,5.0,5.0,5.0,5.0,5.0,5.0,6.0,6.0,7.0,9.0,9.0,10.0,10.0,10.0,10.0,10.0,11.0
Maule,7,Vichuquén,7309.0,4381.0,0.0,0.0,0.0,0.0,0.0,0.0,0.0,0.0,0.0,0.0,0.0,0.0,1.0,1.0,1.0,1.0,1.0,1.0,1.0,1.0,1.0,1.0,1.0,1.0,1.0,1.0,1.0,1.0,1.0,1.0,1.0
Maule,7,Villa Alegre,7407.0,17512.0,0.0,0.0,0.0,0.0,1.0,1.0,1.0,1.0,2.0,2.0,2.0,2.0,2.0,2.0,2.0,2.0,2.0,3.0,3.0,4.0,4.0,4.0,4.0,4.0,4.0,5.0,5.0,5.0,5.0,5.0,5.0
Maule,7,Yerbas Buenas,7408.0,19200.0,1.0,2.0,2.0,2.0,3.0,3.0,3.0,3.0,5.0,5.0,5.0,5.0,5.0,5.0,5.0,5.0,5.0,6.0,6.0,6.0,6.0,6.0,6.0,6.0,6.0,6.0,6.0,6.0,7.0,7.0,7.0
Maule,7,Desconocido Maule,,,,,0.0,0.0,0.0,0.0,0.0,0.0,0.0,0.0,0.0,0.0,0.0,0.0,0.0,0.0,0.0,0.0,0.0,0.0,0.0,0.0,0.0,0.0,0.0,0.0,0.0,0.0,0.0,0.0,0.0
Maule,7,Total,,1131939.0,18.0,22.0,24.0,29.0,50.0,56.0,78.0,96.0,114.0,121.0,127.0,133.0,157.0,173.0,190.0,194.0,200.0,213.0,223.0,233.0,251.0,258.0,261.0,268.0,273.0,282.0,287.0,295.0,301.0,311.0,316.0
Nuble,16,Bulnes,16102.0,22607.0,3.0,3.0,3.0,4.0,5.0,5.0,5.0,5.0,5.0,5.0,5.0,6.0,7.0,7.0,7.0,8.0,8.0,8.0,8.0,8.0,8.0,8.0,8.0,8.0,8.0,9.0,9.0,11.0,12.0,12.0,12.0
Nuble,16,Chillán,16101.0,198624.0,6.0,7.0,9.0,10.0,13.0,13.0,13.0,13.0,15.0,15.0,16.0,16.0,16.0,17.0,17.0,18.0,18.0,20.0,20.0,20.0,20.0,20.0,20.0,21.0,23.0,26.0,30.0,33.0,34.0,37.0,39.0
Nuble,16,Chillán Viejo,16103.0,33827.0,1.0,1.0,1.0,1.0,1.0,1.0,1.0,1.0,1.0,1.0,1.0,2.0,2.0,2.0,2.0,2.0,2.0,2.0,2.0,2.0,2.0,2.0,2.0,2.0,2.0,2.0,2.0,2.0,2.0,2.0,2.0
Nuble,16,Cobquecura,16202.0,5275.0,0.0,0.0,0.0,0.0,0.0,0.0,0.0,0.0,0.0,0.0,0.0,0.0,0.0,0.0,0.0,0.0,0.0,0.0,0.0,0.0,0.0,0.0,0.0,0.0,0.0,0.0,0.0,0.0,0.0,0.0,0.0
Nuble,16,Coelemu,16203.0,16845.0,0.0,0.0,0.0,0.0,1.0,1.0,1.0,1.0,2.0,2.0,2.0,2.0,2.0,2.0,2.0,3.0,3.0,3.0,3.0,3.0,3.0,3.0,4.0,4.0,4.0,4.0,4.0,4.0,4.0,4.0,4.0
Nuble,16,Coihueco,16302.0,28375.0,3.0,3.0,3.0,3.0,4.0,4.0,4.0,4.0,4.0,4.0,4.0,4.0,4.0,4.0,4.0,4.0,4.0,4.0,5.0,5.0,5.0,5.0,5.0,5.0,5.0,6.0,6.0,6.0,6.0,6.0,6.0
Nuble,16,El Carmen,16104.0,12334.0,0.0,0.0,1.0,1.0,1.0,1.0,2.0,2.0,2.0,2.0,2.0,2.0,2.0,2.0,2.0,3.0,3.0,3.0,3.0,3.0,3.0,3.0,3.0,3.0,3.0,3.0,3.0,3.0,3.0,3.0,3.0
Nuble,16,Ninhue,16204.0,5414.0,0.0,1.0,1.0,1.0,2.0,2.0,3.0,3.0,3.0,3.0,3.0,3.0,3.0,3.0,3.0,3.0,3.0,3.0,3.0,3.0,3.0,3.0,3.0,3.0,3.0,3.0,3.0,3.0,3.0,3.0,3.0
Nuble,16,Ñiquén,16303.0,11567.0,1.0,1.0,1.0,1.0,2.0,2.0,2.0,2.0,2.0,2.0,2.0,2.0,2.0,2.0,2.0,3.0,3.0,3.0,3.0,4.0,4.0,4.0,4.0,5.0,5.0,5.0,5.0,5.0,5.0,6.0,6.0
Nuble,16,Pemuco,16105.0,8639.0,0.0,0.0,0.0,0.0,0.0,0.0,0.0,1.0,2.0,2.0,2.0,2.0,2.0,2.0,2.0,2.0,2.0,2.0,3.0,3.0,3.0,3.0,3.0,3.0,3.0,3.0,3.0,3.0,3.0,3.0,3.0
Nuble,16,Pinto,16106.0,11880.0,0.0,0.0,0.0,0.0,0.0,0.0,0.0,0.0,0.0,0.0,0.0,0.0,0.0,0.0,0.0,0.0,0.0,0.0,0.0,0.0,0.0,0.0,0.0,0.0,0.0,0.0,0.0,0.0,0.0,0.0,0.0
Nuble,16,Portezuelo,16205.0,4940.0,0.0,0.0,0.0,0.0,0.0,0.0,0.0,0.0,0.0,0.0,0.0,0.0,0.0,0.0,0.0,0.0,0.0,0.0,0.0,1.0,1.0,1.0,1.0,1.0,1.0,1.0,1.0,1.0,1.0,2.0,2.0
Nuble,16,Quillón,16107.0,18777.0,2.0,2.0,2.0,2.0,3.0,3.0,3.0,3.0,4.0,4.0,4.0,4.0,4.0,4.0,4.0,4.0,4.0,4.0,4.0,4.0,4.0,4.0,4.0,4.0,4.0,4.0,4.0,5.0,5.0,5.0,5.0
Nuble,16,Quirihue,16201.0,12192.0,0.0,0.0,0.0,0.0,1.0,1.0,1.0,1.0,1.0,1.0,1.0,2.0,2.0,2.0,2.0,2.0,2.0,2.0,2.0,2.0,2.0,2.0,2.0,2.0,2.0,2.0,2.0,2.0,2.0,3.0,3.0
Nuble,16,Ranquil,16206.0,6261.0,0.0,0.0,0.0,0.0,0.0,0.0,0.0,0.0,0.0,0.0,0.0,0.0,0.0,0.0,0.0,0.0,0.0,0.0,0.0,0.0,0.0,0.0,0.0,0.0,0.0,0.0,0.0,0.0,0.0,1.0,1.0
Nuble,16,San Carlos,16301.0,56252.0,2.0,2.0,2.0,2.0,2.0,3.0,4.0,4.0,4.0,4.0,4.0,5.0,5.0,6.0,6.0,6.0,6.0,6.0,6.0,6.0,6.0,6.0,6.0,6.0,6.0,7.0,8.0,8.0,8.0,8.0,8.0
Nuble,16,San Fabián,16304.0,4654.0,0.0,0.0,0.0,0.0,0.0,0.0,0.0,0.0,0.0,0.0,0.0,0.0,0.0,0.0,0.0,0.0,0.0,0.0,0.0,0.0,0.0,0.0,0.0,0.0,0.0,0.0,0.0,0.0,0.0,0.0,0.0
Nuble,16,San Ignacio,16108.0,16624.0,1.0,1.0,1.0,2.0,2.0,2.0,2.0,3.0,3.0,3.0,4.0,4.0,4.0,4.0,5.0,5.0,6.0,6.0,6.0,6.0,6.0,6.0,6.0,6.0,7.0,7.0,7.0,7.0,7.0,7.0,8.0
Nuble,16,San Nicolás,16305.0,12172.0,1.0,1.0,1.0,1.0,1.0,1.0,1.0,2.0,2.0,2.0,2.0,2.0,2.0,3.0,3.0,3.0,3.0,3.0,3.0,3.0,3.0,4.0,4.0,5.0,5.0,5.0,5.0,5.0,5.0,5.0,5.0
Nuble,16,Treguaco,16207.0,5696.0,0.0,0.0,0.0,0.0,0.0,0.0,0.0,1.0,1.0,1.0,1.0,1.0,1.0,1.0,1.0,1.0,1.0,1.0,1.0,1.0,1.0,1.0,1.0,1.0,1.0,1.0,1.0,1.0,1.0,1.0,1.0
Nuble,16,Yungay,16109.0,18596.0,0.0,0.0,0.0,0.0,0.0,0.0,0.0,0.0,0.0,0.0,0.0,1.0,1.0,1.0,1.0,1.0,1.0,1.0,1.0,1.0,1.0,1.0,2.0,2.0,2.0,2.0,2.0,2.0,2.0,2.0,2.0
Nuble,16,Desconocido Nuble,,,,,0.0,0.0,0.0,0.0,0.0,0.0,0.0,0.0,0.0,0.0,0.0,0.0,0.0,0.0,0.0,0.0,0.0,0.0,0.0,0.0,0.0,0.0,0.0,0.0,0.0,0.0,0.0,0.0,0.0
Nuble,16,Total,,511551.0,20.0,22.0,25.0,28.0,38.0,39.0,42.0,46.0,51.0,51.0,53.0,58.0,59.0,62.0,63.0,68.0,69.0,71.0,73.0,75.0,75.0,76.0,78.0,81.0,84.0,90.0,95.0,101.0,103.0,110.0,113.0
Biobio,8,Alto Biobío,8314.0,6775.0,0.0,0.0,0.0,0.0,0.0,0.0,0.0,0.0,0.0,0.0,0.0,0.0,0.0,0.0,0.0,0.0,0.0,0.0,0.0,0.0,0.0,0.0,0.0,0.0,0.0,0.0,0.0,0.0,0.0,0.0,0.0
Biobio,8,Antuco,8302.0,4306.0,0.0,0.0,0.0,0.0,0.0,0.0,0.0,0.0,0.0,1.0,1.0,1.0,1.0,1.0,1.0,1.0,1.0,1.0,1.0,1.0,1.0,1.0,1.0,1.0,1.0,2.0,2.0,2.0,2.0,2.0,2.0
Biobio,8,Arauco,8202.0,38679.0,1.0,1.0,1.0,1.0,1.0,1.0,1.0,1.0,1.0,1.0,1.0,1.0,1.0,2.0,3.0,3.0,3.0,3.0,3.0,3.0,3.0,3.0,3.0,3.0,3.0,3.0,3.0,3.0,4.0,4.0,5.0
Biobio,8,Cabrero,8303.0,30725.0,0.0,0.0,0.0,0.0,0.0,0.0,0.0,0.0,0.0,1.0,1.0,2.0,2.0,2.0,2.0,2.0,2.0,2.0,2.0,2.0,2.0,2.0,2.0,2.0,2.0,2.0,2.0,2.0,2.0,2.0,2.0
Biobio,8,Cañete,8203.0,37003.0,0.0,0.0,0.0,0.0,0.0,0.0,0.0,0.0,0.0,0.0,0.0,0.0,0.0,0.0,0.0,0.0,0.0,1.0,1.0,1.0,1.0,1.0,1.0,1.0,1.0,1.0,1.0,1.0,1.0,1.0,1.0
Biobio,8,Chiguayante,8103.0,91180.0,2.0,3.0,3.0,4.0,7.0,7.0,8.0,9.0,10.0,10.0,10.0,10.0,10.0,11.0,11.0,11.0,11.0,11.0,12.0,12.0,13.0,13.0,14.0,15.0,16.0,17.0,17.0,17.0,17.0,18.0,20.0
Biobio,8,Concepción,8101.0,238092.0,4.0,4.0,9.0,9.0,17.0,18.0,23.0,23.0,24.0,26.0,26.0,28.0,28.0,28.0,29.0,30.0,31.0,32.0,33.0,33.0,33.0,37.0,39.0,42.0,43.0,45.0,47.0,52.0,53.0,57.0,63.0
Biobio,8,Contulmo,8204.0,6330.0,0.0,0.0,0.0,0.0,0.0,0.0,0.0,0.0,0.0,0.0,0.0,0.0,0.0,0.0,0.0,0.0,0.0,0.0,0.0,0.0,0.0,0.0,0.0,0.0,0.0,0.0,0.0,0.0,0.0,0.0,0.0
Biobio,8,Coronel,8102.0,125829.0,0.0,1.0,2.0,2.0,2.0,3.0,3.0,4.0,4.0,4.0,5.0,5.0,5.0,6.0,6.0,7.0,8.0,8.0,9.0,9.0,10.0,11.0,11.0,13.0,15.0,19.0,21.0,27.0,27.0,29.0,31.0
Biobio,8,Curanilahue,8205.0,33892.0,0.0,1.0,1.0,1.0,1.0,1.0,1.0,1.0,1.0,1.0,1.0,1.0,1.0,1.0,1.0,1.0,2.0,2.0,2.0,2.0,3.0,3.0,3.0,3.0,3.0,3.0,4.0,4.0,4.0,5.0,5.0
Biobio,8,Florida,8104.0,11841.0,0.0,0.0,0.0,0.0,2.0,2.0,2.0,2.0,3.0,3.0,3.0,3.0,3.0,3.0,3.0,3.0,3.0,3.0,3.0,3.0,3.0,3.0,3.0,3.0,3.0,3.0,3.0,3.0,3.0,3.0,3.0
Biobio,8,Hualpén,8112.0,97273.0,2.0,2.0,2.0,2.0,3.0,3.0,3.0,3.0,3.0,3.0,3.0,3.0,4.0,7.0,7.0,9.0,10.0,14.0,14.0,16.0,18.0,20.0,21.0,22.0,22.0,22.0,22.0,22.0,22.0,24.0,24.0
Biobio,8,Hualqui,8105.0,26201.0,0.0,0.0,2.0,2.0,3.0,3.0,3.0,3.0,3.0,3.0,3.0,3.0,3.0,3.0,3.0,3.0,4.0,6.0,6.0,6.0,6.0,6.0,6.0,6.0,7.0,7.0,7.0,8.0,8.0,8.0,8.0
Biobio,8,Laja,8304.0,23873.0,0.0,0.0,0.0,0.0,0.0,0.0,0.0,0.0,0.0,0.0,0.0,0.0,0.0,0.0,0.0,0.0,0.0,0.0,0.0,0.0,0.0,0.0,0.0,0.0,0.0,0.0,0.0,0.0,0.0,0.0,0.0
Biobio,8,Lebu,8201.0,27100.0,0.0,0.0,0.0,0.0,0.0,0.0,0.0,0.0,0.0,0.0,0.0,0.0,0.0,0.0,0.0,0.0,0.0,0.0,0.0,0.0,0.0,0.0,0.0,0.0,0.0,0.0,0.0,0.0,0.0,0.0,1.0
Biobio,8,Los Álamos,8206.0,22524.0,0.0,0.0,0.0,0.0,0.0,0.0,0.0,0.0,0.0,0.0,0.0,0.0,0.0,0.0,0.0,0.0,0.0,0.0,0.0,1.0,1.0,1.0,1.0,1.0,1.0,2.0,2.0,2.0,3.0,4.0,4.0
Biobio,8,Los Ángeles,8301.0,218515.0,1.0,1.0,1.0,1.0,2.0,3.0,3.0,4.0,4.0,5.0,6.0,7.0,8.0,8.0,9.0,10.0,11.0,13.0,13.0,15.0,15.0,15.0,15.0,15.0,15.0,15.0,16.0,16.0,17.0,17.0,17.0
Biobio,8,Lota,8106.0,45750.0,0.0,0.0,0.0,0.0,0.0,1.0,2.0,2.0,2.0,2.0,2.0,2.0,2.0,2.0,2.0,2.0,2.0,2.0,2.0,2.0,2.0,2.0,3.0,4.0,4.0,5.0,5.0,5.0,5.0,6.0,8.0
Biobio,8,Mulchén,8305.0,31041.0,0.0,0.0,0.0,0.0,0.0,0.0,0.0,0.0,0.0,0.0,0.0,0.0,0.0,0.0,0.0,0.0,0.0,0.0,0.0,0.0,1.0,1.0,1.0,1.0,1.0,2.0,2.0,2.0,2.0,2.0,2.0
Biobio,8,Nacimiento,8306.0,27944.0,0.0,0.0,1.0,1.0,3.0,3.0,3.0,3.0,3.0,3.0,3.0,3.0,3.0,4.0,4.0,4.0,4.0,4.0,4.0,4.0,4.0,4.0,4.0,4.0,4.0,4.0,4.0,4.0,4.0,4.0,4.0
Biobio,8,Negrete,8307.0,10429.0,0.0,0.0,0.0,0.0,1.0,1.0,1.0,1.0,2.0,2.0,2.0,2.0,2.0,2.0,2.0,2.0,2.0,2.0,2.0,2.0,2.0,2.0,2.0,2.0,2.0,2.0,2.0,2.0,2.0,2.0,2.0
Biobio,8,Penco,8107.0,49865.0,0.0,0.0,0.0,1.0,1.0,1.0,1.0,1.0,1.0,1.0,1.0,1.0,2.0,3.0,4.0,4.0,4.0,5.0,6.0,6.0,8.0,12.0,12.0,14.0,14.0,15.0,15.0,15.0,15.0,18.0,18.0
Biobio,8,Quilaco,8308.0,4179.0,0.0,0.0,0.0,0.0,0.0,0.0,0.0,0.0,0.0,0.0,0.0,0.0,0.0,0.0,0.0,0.0,0.0,0.0,0.0,0.0,0.0,0.0,0.0,0.0,0.0,0.0,0.0,0.0,0.0,0.0,0.0
Biobio,8,Quilleco,8309.0,10032.0,0.0,0.0,0.0,0.0,1.0,1.0,1.0,1.0,1.0,1.0,1.0,1.0,1.0,1.0,1.0,1.0,1.0,1.0,1.0,1.0,1.0,1.0,1.0,1.0,1.0,1.0,1.0,1.0,1.0,1.0,1.0
Biobio,8,San Pedro de la Paz,8108.0,145906.0,0.0,1.0,3.0,4.0,7.0,7.0,9.0,11.0,13.0,14.0,14.0,16.0,16.0,17.0,17.0,17.0,17.0,17.0,17.0,19.0,19.0,21.0,23.0,23.0,23.0,24.0,24.0,26.0,26.0,28.0,29.0
Biobio,8,San Rosendo,8310.0,3611.0,0.0,0.0,0.0,1.0,1.0,1.0,1.0,1.0,1.0,1.0,1.0,1.0,1.0,1.0,1.0,1.0,1.0,1.0,1.0,1.0,1.0,1.0,1.0,1.0,2.0,2.0,2.0,2.0,3.0,3.0,3.0
Biobio,8,Santa Bárbara,8311.0,14592.0,0.0,0.0,0.0,0.0,0.0,0.0,0.0,0.0,0.0,0.0,0.0,0.0,0.0,0.0,2.0,2.0,2.0,2.0,3.0,4.0,4.0,4.0,4.0,4.0,4.0,4.0,4.0,4.0,4.0,4.0,4.0
Biobio,8,Santa Juana,8109.0,14779.0,0.0,0.0,0.0,0.0,2.0,2.0,3.0,4.0,4.0,4.0,4.0,4.0,4.0,4.0,4.0,4.0,4.0,4.0,4.0,4.0,4.0,4.0,4.0,4.0,4.0,4.0,4.0,5.0,5.0,5.0,5.0
Biobio,8,Talcahuano,8110.0,158345.0,1.0,1.0,1.0,1.0,2.0,2.0,3.0,3.0,4.0,7.0,8.0,8.0,9.0,12.0,12.0,14.0,15.0,18.0,18.0,20.0,28.0,29.0,30.0,35.0,38.0,40.0,42.0,46.0,47.0,51.0,53.0
Biobio,8,Tirúa,8207.0,11019.0,0.0,0.0,0.0,0.0,0.0,0.0,0.0,0.0,0.0,0.0,0.0,0.0,0.0,0.0,0.0,0.0,0.0,0.0,0.0,0.0,0.0,0.0,0.0,0.0,0.0,0.0,0.0,0.0,0.0,0.0,0.0
Biobio,8,Tomé,8111.0,58729.0,0.0,0.0,0.0,0.0,1.0,1.0,1.0,1.0,1.0,1.0,1.0,1.0,1.0,1.0,1.0,1.0,1.0,1.0,1.0,2.0,4.0,4.0,6.0,9.0,10.0,10.0,11.0,10.0,10.0,10.0,11.0
Biobio,8,Tucapel,8312.0,15205.0,0.0,0.0,0.0,0.0,0.0,0.0,0.0,1.0,1.0,1.0,1.0,1.0,1.0,1.0,1.0,1.0,2.0,2.0,2.0,2.0,2.0,2.0,3.0,3.0,4.0,4.0,4.0,4.0,5.0,5.0,6.0
Biobio,8,Yumbel,8313.0,22132.0,0.0,0.0,0.0,0.0,0.0,1.0,1.0,1.0,1.0,1.0,1.0,1.0,1.0,1.0,1.0,1.0,1.0,1.0,1.0,1.0,2.0,2.0,2.0,2.0,2.0,2.0,2.0,2.0,2.0,2.0,2.0
Biobio,8,Desconocido Biobio,,,,,0.0,0.0,0.0,0.0,0.0,0.0,0.0,0.0,0.0,0.0,0.0,0.0,0.0,0.0,0.0,0.0,0.0,0.0,0.0,0.0,0.0,0.0,0.0,0.0,0.0,0.0,0.0,0.0,0.0
Biobio,8,Total,,1663696.0,11.0,15.0,26.0,30.0,57.0,62.0,73.0,80.0,87.0,96.0,99.0,105.0,109.0,121.0,127.0,134.0,142.0,156.0,161.0,172.0,191.0,205.0,216.0,234.0,245.0,260.0,269.0,287.0,294.0,315.0,334.0
La Araucania,9,Angol,9201.0,56058.0,4.0,4.0,4.0,4.0,7.0,7.0,9.0,9.0,9.0,9.0,9.0,9.0,9.0,10.0,10.0,10.0,10.0,10.0,10.0,10.0,10.0,11.0,11.0,11.0,11.0,12.0,12.0,12.0,12.0,13.0,14.0
La Araucania,9,Carahue,9102.0,25486.0,0.0,0.0,0.0,0.0,0.0,0.0,0.0,0.0,0.0,0.0,0.0,0.0,0.0,0.0,0.0,0.0,0.0,0.0,0.0,0.0,0.0,0.0,0.0,0.0,0.0,0.0,0.0,0.0,0.0,1.0,1.0
La Araucania,9,Cholchol,9121.0,12341.0,0.0,0.0,0.0,0.0,0.0,0.0,0.0,0.0,0.0,0.0,0.0,0.0,0.0,0.0,0.0,0.0,0.0,0.0,0.0,0.0,0.0,0.0,0.0,0.0,0.0,0.0,0.0,0.0,0.0,0.0,0.0
La Araucania,9,Collipulli,9202.0,26148.0,2.0,2.0,2.0,2.0,3.0,3.0,3.0,3.0,3.0,3.0,3.0,3.0,3.0,3.0,3.0,3.0,3.0,3.0,3.0,3.0,4.0,4.0,4.0,5.0,5.0,5.0,5.0,5.0,5.0,5.0,5.0
La Araucania,9,Cunco,9103.0,18055.0,1.0,1.0,1.0,1.0,2.0,2.0,2.0,2.0,2.0,2.0,2.0,2.0,2.0,2.0,2.0,2.0,2.0,2.0,2.0,2.0,2.0,2.0,2.0,2.0,2.0,2.0,2.0,2.0,2.0,2.0,2.0
La Araucania,9,Curacautín,9203.0,18178.0,0.0,0.0,0.0,0.0,1.0,1.0,1.0,1.0,1.0,1.0,1.0,1.0,1.0,1.0,1.0,1.0,1.0,1.0,1.0,1.0,1.0,1.0,1.0,1.0,1.0,1.0,1.0,1.0,1.0,1.0,1.0
La Araucania,9,Curarrehue,9104.0,7802.0,0.0,0.0,0.0,0.0,1.0,1.0,1.0,1.0,1.0,1.0,1.0,1.0,1.0,1.0,1.0,1.0,1.0,1.0,1.0,1.0,1.0,1.0,1.0,1.0,1.0,1.0,1.0,1.0,1.0,1.0,1.0
La Araucania,9,Ercilla,9204.0,8458.0,0.0,0.0,0.0,0.0,0.0,0.0,0.0,0.0,0.0,0.0,0.0,1.0,1.0,1.0,1.0,1.0,1.0,1.0,1.0,2.0,3.0,3.0,3.0,3.0,3.0,3.0,3.0,3.0,3.0,3.0,3.0
La Araucania,9,Freire,9105.0,25446.0,1.0,1.0,1.0,1.0,1.0,1.0,1.0,1.0,1.0,1.0,1.0,1.0,1.0,1.0,1.0,1.0,1.0,1.0,1.0,1.0,1.0,1.0,1.0,1.0,1.0,1.0,1.0,1.0,1.0,1.0,1.0
La Araucania,9,Galvarino,9106.0,12633.0,0.0,0.0,0.0,0.0,0.0,0.0,0.0,0.0,0.0,0.0,0.0,0.0,0.0,0.0,0.0,0.0,0.0,0.0,0.0,0.0,0.0,0.0,0.0,0.0,0.0,0.0,0.0,0.0,0.0,0.0,0.0
La Araucania,9,Gorbea,9107.0,15148.0,1.0,1.0,1.0,1.0,1.0,1.0,1.0,1.0,1.0,1.0,1.0,1.0,1.0,1.0,1.0,1.0,1.0,1.0,1.0,1.0,1.0,1.0,1.0,1.0,1.0,1.0,1.0,1.0,1.0,1.0,1.0
La Araucania,9,Lautaro,9108.0,40746.0,0.0,0.0,0.0,0.0,2.0,2.0,2.0,2.0,2.0,2.0,2.0,3.0,3.0,3.0,3.0,3.0,3.0,3.0,3.0,3.0,3.0,3.0,3.0,3.0,3.0,3.0,3.0,3.0,3.0,3.0,4.0
La Araucania,9,Loncoche,9109.0,24739.0,0.0,0.0,0.0,0.0,1.0,1.0,2.0,2.0,2.0,2.0,2.0,2.0,1.0,1.0,1.0,1.0,1.0,1.0,1.0,1.0,1.0,1.0,1.0,1.0,1.0,1.0,1.0,1.0,1.0,1.0,1.0
La Araucania,9,Lonquimay,9205.0,11049.0,1.0,1.0,1.0,1.0,2.0,2.0,2.0,2.0,2.0,2.0,2.0,2.0,2.0,2.0,2.0,2.0,2.0,2.0,2.0,2.0,2.0,2.0,2.0,2.0,2.0,2.0,2.0,2.0,2.0,2.0,2.0
La Araucania,9,Los Sauces,9206.0,7517.0,0.0,0.0,0.0,0.0,0.0,0.0,0.0,0.0,0.0,0.0,0.0,0.0,0.0,0.0,0.0,0.0,0.0,0.0,0.0,0.0,0.0,0.0,0.0,0.0,0.0,0.0,1.0,1.0,1.0,1.0,1.0
La Araucania,9,Lumaco,9207.0,10050.0,0.0,0.0,0.0,0.0,0.0,0.0,0.0,0.0,0.0,0.0,0.0,0.0,0.0,0.0,0.0,0.0,0.0,0.0,0.0,0.0,0.0,0.0,0.0,0.0,0.0,0.0,0.0,0.0,0.0,0.0,0.0
La Araucania,9,Melipeuco,9110.0,6265.0,0.0,0.0,0.0,0.0,0.0,0.0,0.0,0.0,0.0,0.0,0.0,0.0,0.0,0.0,0.0,0.0,0.0,0.0,0.0,0.0,0.0,0.0,0.0,0.0,0.0,0.0,0.0,0.0,0.0,0.0,0.0
La Araucania,9,Nueva Imperial,9111.0,33777.0,1.0,1.0,1.0,1.0,2.0,2.0,2.0,2.0,2.0,2.0,2.0,3.0,3.0,3.0,3.0,3.0,3.0,3.0,4.0,4.0,4.0,4.0,4.0,5.0,5.0,5.0,5.0,5.0,5.0,5.0,6.0
La Araucania,9,Padre Las Casas,9112.0,82110.0,4.0,4.0,4.0,4.0,5.0,5.0,5.0,5.0,5.0,5.0,5.0,5.0,5.0,5.0,5.0,5.0,6.0,6.0,6.0,6.0,6.0,6.0,6.0,6.0,6.0,6.0,6.0,6.0,6.0,6.0,6.0
La Araucania,9,Perquenco,9113.0,7223.0,0.0,0.0,0.0,0.0,0.0,0.0,0.0,0.0,0.0,0.0,0.0,0.0,0.0,0.0,0.0,0.0,0.0,0.0,0.0,0.0,0.0,0.0,0.0,0.0,0.0,0.0,0.0,0.0,0.0,0.0,0.0
La Araucania,9,Pitrufquén,9114.0,26096.0,0.0,0.0,0.0,0.0,0.0,0.0,0.0,0.0,0.0,0.0,0.0,0.0,0.0,0.0,0.0,0.0,0.0,0.0,0.0,0.0,0.0,0.0,0.0,0.0,0.0,0.0,0.0,0.0,1.0,1.0,1.0
La Araucania,9,Pucón,9115.0,29782.0,0.0,0.0,0.0,0.0,0.0,0.0,0.0,0.0,0.0,0.0,0.0,0.0,0.0,0.0,0.0,0.0,0.0,0.0,0.0,0.0,0.0,0.0,0.0,0.0,0.0,0.0,0.0,0.0,0.0,0.0,0.0
La Araucania,9,Purén,9208.0,12188.0,1.0,1.0,1.0,1.0,1.0,1.0,1.0,1.0,1.0,1.0,1.0,1.0,1.0,1.0,1.0,1.0,1.0,1.0,1.0,1.0,1.0,1.0,1.0,1.0,1.0,1.0,1.0,1.0,1.0,1.0,1.0
La Araucania,9,Renaico,9209.0,10833.0,1.0,1.0,1.0,1.0,1.0,1.0,1.0,1.0,1.0,1.0,1.0,1.0,1.0,1.0,1.0,1.0,1.0,1.0,2.0,2.0,2.0,2.0,2.0,2.0,2.0,2.0,2.0,2.0,2.0,3.0,3.0
La Araucania,9,Saavedra,9116.0,12793.0,0.0,0.0,0.0,0.0,0.0,0.0,0.0,0.0,0.0,0.0,0.0,0.0,0.0,0.0,0.0,0.0,0.0,0.0,0.0,0.0,0.0,0.0,0.0,0.0,0.0,0.0,0.0,0.0,0.0,0.0,0.0
La Araucania,9,Temuco,9101.0,302931.0,19.0,19.0,19.0,19.0,23.0,23.0,23.0,24.0,24.0,24.0,24.0,24.0,24.0,24.0,25.0,27.0,27.0,27.0,28.0,29.0,30.0,30.0,30.0,30.0,30.0,30.0,31.0,31.0,32.0,32.0,32.0
La Araucania,9,Teodoro Schmidt,9117.0,15786.0,0.0,0.0,0.0,0.0,0.0,0.0,0.0,0.0,0.0,0.0,0.0,0.0,1.0,1.0,1.0,1.0,1.0,1.0,1.0,1.0,1.0,2.0,2.0,2.0,2.0,2.0,2.0,2.0,2.0,2.0,2.0
La Araucania,9,Toltén,9118.0,10055.0,0.0,0.0,0.0,0.0,0.0,0.0,0.0,0.0,0.0,0.0,0.0,0.0,0.0,0.0,0.0,0.0,0.0,1.0,1.0,1.0,1.0,1.0,1.0,1.0,1.0,1.0,1.0,1.0,1.0,1.0,2.0
La Araucania,9,Traiguén,9210.0,19314.0,0.0,0.0,0.0,0.0,0.0,0.0,0.0,0.0,0.0,0.0,0.0,0.0,0.0,0.0,0.0,0.0,0.0,0.0,0.0,0.0,0.0,0.0,0.0,0.0,0.0,0.0,1.0,2.0,2.0,3.0,3.0
La Araucania,9,Victoria,9211.0,35467.0,3.0,3.0,3.0,3.0,4.0,5.0,6.0,7.0,7.0,7.0,7.0,7.0,7.0,7.0,7.0,7.0,7.0,7.0,7.0,7.0,7.0,7.0,7.0,7.0,7.0,7.0,7.0,7.0,7.0,7.0,7.0
La Araucania,9,Vilcún,9119.0,30766.0,0.0,1.0,1.0,1.0,1.0,1.0,2.0,2.0,2.0,2.0,2.0,2.0,2.0,2.0,2.0,3.0,3.0,3.0,3.0,3.0,3.0,3.0,3.0,3.0,3.0,3.0,3.0,3.0,4.0,4.0,4.0
La Araucania,9,Villarrica,9120.0,59103.0,0.0,0.0,0.0,1.0,0.0,0.0,0.0,0.0,0.0,0.0,0.0,0.0,1.0,1.0,1.0,1.0,1.0,1.0,1.0,1.0,1.0,1.0,1.0,1.0,1.0,1.0,1.0,1.0,1.0,1.0,1.0
La Araucania,9,Desconocido Araucania,,,,,0.0,0.0,0.0,0.0,0.0,0.0,0.0,0.0,0.0,0.0,0.0,0.0,0.0,0.0,0.0,0.0,0.0,0.0,0.0,0.0,0.0,0.0,0.0,0.0,0.0,0.0,0.0,0.0,0.0
La Araucania,9,Total,,1014343.0,39.0,40.0,40.0,41.0,58.0,59.0,64.0,66.0,66.0,66.0,66.0,69.0,70.0,71.0,72.0,75.0,76.0,77.0,80.0,82.0,85.0,87.0,87.0,89.0,89.0,90.0,93.0,94.0,97.0,101.0,105.0
Los Rios,14,Corral,14102.0,5447.0,0.0,0.0,0.0,0.0,0.0,0.0,0.0,0.0,0.0,0.0,0.0,0.0,0.0,0.0,0.0,0.0,0.0,0.0,0.0,0.0,0.0,0.0,0.0,0.0,0.0,0.0,0.0,0.0,0.0,0.0,0.0
Los Rios,14,Futrono,14202.0,15261.0,0.0,0.0,0.0,0.0,0.0,0.0,0.0,0.0,0.0,0.0,0.0,0.0,0.0,0.0,0.0,0.0,0.0,0.0,0.0,0.0,0.0,0.0,0.0,0.0,0.0,0.0,0.0,0.0,0.0,0.0,0.0
Los Rios,14,La Unión,14201.0,39538.0,1.0,1.0,2.0,2.0,2.0,2.0,2.0,2.0,2.0,3.0,3.0,3.0,3.0,3.0,3.0,3.0,3.0,3.0,3.0,3.0,3.0,3.0,3.0,3.0,3.0,3.0,3.0,3.0,3.0,3.0,3.0
Los Rios,14,Lago Ranco,14203.0,10292.0,0.0,0.0,0.0,0.0,0.0,0.0,0.0,0.0,0.0,0.0,0.0,0.0,0.0,0.0,0.0,0.0,0.0,0.0,0.0,0.0,0.0,0.0,0.0,0.0,0.0,0.0,0.0,0.0,0.0,0.0,0.0
Los Rios,14,Lanco,14103.0,17652.0,0.0,0.0,0.0,0.0,0.0,0.0,0.0,0.0,0.0,0.0,0.0,0.0,0.0,0.0,0.0,0.0,0.0,0.0,0.0,0.0,0.0,0.0,0.0,0.0,0.0,0.0,0.0,0.0,0.0,0.0,0.0
Los Rios,14,Los Lagos,14104.0,20518.0,1.0,1.0,1.0,1.0,1.0,1.0,1.0,1.0,1.0,1.0,1.0,1.0,1.0,1.0,1.0,1.0,1.0,1.0,1.0,1.0,1.0,1.0,1.0,1.0,1.0,1.0,1.0,1.0,1.0,1.0,1.0
Los Rios,14,Máfil,14105.0,7389.0,0.0,0.0,0.0,0.0,0.0,0.0,0.0,0.0,0.0,0.0,0.0,0.0,0.0,0.0,0.0,0.0,0.0,0.0,0.0,0.0,0.0,0.0,0.0,0.0,0.0,0.0,0.0,0.0,0.0,0.0,0.0
Los Rios,14,Mariquina,14106.0,23250.0,0.0,0.0,0.0,0.0,0.0,0.0,0.0,0.0,0.0,0.0,0.0,0.0,0.0,0.0,0.0,0.0,0.0,0.0,0.0,0.0,0.0,0.0,0.0,0.0,0.0,0.0,0.0,0.0,0.0,0.0,0.0
Los Rios,14,Paillaco,14107.0,20798.0,0.0,0.0,0.0,0.0,0.0,0.0,0.0,1.0,1.0,1.0,1.0,1.0,1.0,1.0,1.0,1.0,1.0,1.0,1.0,1.0,1.0,1.0,1.0,1.0,1.0,1.0,1.0,1.0,1.0,1.0,1.0
Los Rios,14,Panguipulli,14108.0,35991.0,1.0,1.0,1.0,1.0,1.0,1.0,1.0,1.0,1.0,1.0,1.0,1.0,1.0,1.0,1.0,1.0,1.0,1.0,1.0,1.0,1.0,1.0,1.0,1.0,1.0,1.0,1.0,1.0,1.0,1.0,1.0
Los Rios,14,Río Bueno,14204.0,32925.0,0.0,0.0,0.0,0.0,0.0,0.0,0.0,0.0,0.0,0.0,0.0,0.0,0.0,0.0,0.0,0.0,0.0,0.0,0.0,0.0,0.0,0.0,0.0,0.0,0.0,0.0,0.0,0.0,0.0,2.0,3.0
Los Rios,14,Valdivia,14101.0,176774.0,6.0,6.0,6.0,6.0,6.0,6.0,6.0,6.0,6.0,6.0,6.0,6.0,6.0,6.0,6.0,7.0,7.0,7.0,7.0,7.0,7.0,7.0,7.0,7.0,7.0,7.0,7.0,7.0,7.0,7.0,7.0
Los Rios,14,Desconocido Los Rios,,,,,0.0,0.0,0.0,0.0,0.0,0.0,0.0,0.0,0.0,0.0,0.0,0.0,0.0,0.0,0.0,0.0,0.0,0.0,0.0,0.0,0.0,0.0,0.0,0.0,0.0,0.0,0.0,0.0,0.0
Los Rios,14,Total,,405835.0,9.0,9.0,10.0,10.0,10.0,10.0,10.0,11.0,11.0,12.0,12.0,12.0,12.0,12.0,12.0,13.0,13.0,13.0,13.0,13.0,13.0,13.0,13.0,13.0,13.0,13.0,13.0,13.0,13.0,15.0,16.0
Los Lagos,10,Ancud,10202.0,42458.0,0.0,0.0,1.0,1.0,1.0,1.0,1.0,1.0,1.0,1.0,2.0,2.0,2.0,2.0,2.0,2.0,2.0,2.0,2.0,2.0,3.0,3.0,3.0,3.0,3.0,4.0,4.0,4.0,4.0,4.0,4.0
Los Lagos,10,Calbuco,10102.0,36744.0,0.0,0.0,0.0,0.0,1.0,1.0,1.0,1.0,1.0,1.0,1.0,2.0,2.0,3.0,3.0,3.0,4.0,4.0,4.0,4.0,4.0,4.0,4.0,4.0,4.0,4.0,4.0,4.0,4.0,5.0,5.0
Los Lagos,10,Castro,10201.0,47607.0,0.0,0.0,0.0,0.0,0.0,0.0,0.0,0.0,0.0,0.0,0.0,0.0,0.0,0.0,0.0,0.0,0.0,0.0,0.0,0.0,0.0,0.0,0.0,0.0,0.0,0.0,0.0,0.0,0.0,0.0,0.0
Los Lagos,10,Chaitén,10401.0,5020.0,0.0,0.0,0.0,0.0,0.0,0.0,0.0,0.0,0.0,0.0,0.0,0.0,0.0,0.0,0.0,0.0,0.0,0.0,0.0,0.0,0.0,0.0,0.0,0.0,0.0,0.0,0.0,0.0,0.0,0.0,0.0
Los Lagos,10,Chonchi,10203.0,16013.0,0.0,0.0,0.0,0.0,0.0,0.0,0.0,0.0,0.0,0.0,0.0,0.0,0.0,0.0,0.0,0.0,0.0,0.0,0.0,0.0,0.0,0.0,0.0,0.0,0.0,0.0,0.0,0.0,0.0,0.0,0.0
Los Lagos,10,Cochamó,10103.0,4006.0,0.0,0.0,0.0,0.0,0.0,0.0,0.0,0.0,0.0,0.0,0.0,0.0,0.0,0.0,0.0,0.0,0.0,0.0,0.0,0.0,0.0,0.0,0.0,0.0,0.0,0.0,0.0,0.0,0.0,0.0,0.0
Los Lagos,10,Curaco de Velez,10204.0,4066.0,0.0,0.0,0.0,0.0,0.0,0.0,0.0,0.0,0.0,0.0,0.0,0.0,0.0,0.0,0.0,0.0,0.0,0.0,0.0,0.0,0.0,0.0,0.0,0.0,0.0,0.0,0.0,0.0,0.0,0.0,0.0
Los Lagos,10,Dalcahue,10205.0,15069.0,0.0,0.0,0.0,0.0,0.0,0.0,0.0,0.0,0.0,1.0,1.0,1.0,1.0,1.0,1.0,1.0,1.0,1.0,1.0,1.0,1.0,1.0,1.0,1.0,1.0,1.0,1.0,1.0,1.0,1.0,1.0
Los Lagos,10,Fresia,10104.0,12656.0,0.0,0.0,0.0,0.0,0.0,0.0,0.0,1.0,1.0,1.0,2.0,2.0,2.0,2.0,2.0,2.0,2.0,2.0,2.0,2.0,2.0,2.0,2.0,2.0,2.0,2.0,2.0,2.0,2.0,2.0,2.0
Los Lagos,10,Frutillar,10105.0,20223.0,0.0,0.0,0.0,0.0,0.0,0.0,0.0,0.0,0.0,0.0,0.0,0.0,0.0,0.0,0.0,0.0,0.0,0.0,0.0,0.0,0.0,0.0,1.0,1.0,1.0,1.0,1.0,1.0,1.0,1.0,1.0
Los Lagos,10,Futaleufu,10402.0,2806.0,0.0,0.0,0.0,0.0,0.0,0.0,0.0,0.0,0.0,0.0,0.0,0.0,0.0,0.0,0.0,0.0,0.0,0.0,0.0,0.0,0.0,0.0,0.0,0.0,0.0,0.0,0.0,0.0,0.0,0.0,0.0
Los Lagos,10,Hualaihué,10403.0,9525.0,0.0,0.0,0.0,0.0,0.0,0.0,0.0,0.0,0.0,0.0,1.0,1.0,1.0,1.0,1.0,1.0,1.0,1.0,1.0,1.0,1.0,1.0,1.0,1.0,1.0,1.0,1.0,1.0,1.0,1.0,1.0
Los Lagos,10,Llanquihue,10107.0,18621.0,0.0,0.0,0.0,0.0,1.0,1.0,1.0,1.0,1.0,1.0,1.0,1.0,1.0,1.0,1.0,1.0,1.0,1.0,1.0,1.0,4.0,4.0,4.0,4.0,4.0,4.0,4.0,4.0,4.0,5.0,6.0
Los Lagos,10,Los Muermos,10106.0,17817.0,0.0,0.0,0.0,0.0,0.0,0.0,0.0,0.0,0.0,0.0,0.0,0.0,0.0,0.0,0.0,0.0,0.0,0.0,0.0,0.0,0.0,0.0,0.0,0.0,0.0,0.0,0.0,0.0,0.0,0.0,0.0
Los Lagos,10,Maullín,10108.0,14894.0,0.0,0.0,0.0,0.0,0.0,0.0,0.0,0.0,0.0,0.0,0.0,0.0,0.0,0.0,0.0,0.0,0.0,0.0,0.0,1.0,1.0,1.0,1.0,1.0,1.0,2.0,2.0,2.0,2.0,2.0,3.0
Los Lagos,10,Osorno,10301.0,173410.0,10.0,10.0,10.0,11.0,12.0,12.0,12.0,12.0,12.0,12.0,12.0,12.0,12.0,13.0,14.0,18.0,18.0,18.0,18.0,19.0,20.0,20.0,20.0,21.0,21.0,22.0,23.0,25.0,26.0,28.0,28.0
Los Lagos,10,Palena,10404.0,1827.0,0.0,0.0,0.0,0.0,0.0,0.0,0.0,0.0,0.0,0.0,0.0,0.0,0.0,0.0,0.0,0.0,0.0,0.0,0.0,0.0,0.0,0.0,0.0,0.0,0.0,0.0,0.0,0.0,0.0,0.0,0.0
Los Lagos,10,Puerto Montt,10101.0,269398.0,0.0,1.0,1.0,2.0,3.0,4.0,4.0,6.0,6.0,7.0,7.0,8.0,9.0,13.0,15.0,15.0,17.0,18.0,19.0,19.0,19.0,19.0,19.0,21.0,21.0,21.0,24.0,24.0,24.0,24.0,25.0
Los Lagos,10,Puerto Octay,10302.0,9192.0,0.0,0.0,0.0,0.0,0.0,0.0,0.0,0.0,0.0,0.0,0.0,0.0,0.0,0.0,0.0,0.0,0.0,0.0,0.0,0.0,0.0,0.0,0.0,0.0,0.0,0.0,0.0,1.0,1.0,1.0,1.0
Los Lagos,10,Puerto Varas,10109.0,48620.0,0.0,0.0,0.0,1.0,1.0,1.0,1.0,1.0,1.0,1.0,1.0,1.0,1.0,1.0,1.0,3.0,3.0,3.0,3.0,3.0,3.0,3.0,4.0,4.0,4.0,4.0,4.0,4.0,4.0,4.0,4.0
Los Lagos,10,Puqueldon,10206.0,4201.0,0.0,0.0,0.0,0.0,0.0,0.0,0.0,0.0,0.0,0.0,0.0,0.0,0.0,0.0,0.0,0.0,0.0,0.0,0.0,0.0,0.0,0.0,0.0,0.0,0.0,0.0,0.0,0.0,0.0,0.0,0.0
Los Lagos,10,Purranque,10303.0,21080.0,0.0,0.0,0.0,0.0,0.0,0.0,0.0,0.0,0.0,0.0,0.0,0.0,0.0,0.0,0.0,1.0,1.0,2.0,2.0,3.0,3.0,3.0,3.0,3.0,3.0,4.0,4.0,4.0,4.0,5.0,6.0
Los Lagos,10,Puyehue,10304.0,11787.0,0.0,0.0,0.0,0.0,0.0,0.0,0.0,0.0,0.0,0.0,0.0,0.0,0.0,0.0,0.0,0.0,0.0,0.0,0.0,0.0,1.0,1.0,1.0,2.0,2.0,2.0,3.0,3.0,4.0,4.0,4.0
Los Lagos,10,Queilén,10207.0,5543.0,0.0,0.0,0.0,0.0,0.0,0.0,0.0,0.0,0.0,0.0,0.0,0.0,0.0,0.0,0.0,0.0,0.0,0.0,0.0,0.0,0.0,0.0,0.0,0.0,0.0,0.0,0.0,0.0,0.0,0.0,0.0
Los Lagos,10,Quellón,10208.0,29309.0,0.0,0.0,0.0,0.0,0.0,0.0,0.0,0.0,0.0,0.0,0.0,0.0,0.0,0.0,0.0,0.0,0.0,0.0,0.0,0.0,0.0,0.0,0.0,0.0,0.0,0.0,0.0,0.0,0.0,0.0,0.0
Los Lagos,10,Quemchi,10209.0,8783.0,0.0,0.0,0.0,0.0,0.0,0.0,0.0,0.0,0.0,0.0,0.0,0.0,0.0,0.0,0.0,0.0,0.0,0.0,0.0,0.0,0.0,0.0,0.0,0.0,0.0,0.0,0.0,0.0,0.0,0.0,0.0
Los Lagos,10,Quinchao,10210.0,8298.0,0.0,0.0,0.0,0.0,0.0,0.0,0.0,0.0,0.0,0.0,0.0,0.0,0.0,0.0,0.0,0.0,0.0,0.0,0.0,0.0,0.0,0.0,0.0,0.0,0.0,0.0,0.0,0.0,0.0,0.0,0.0
Los Lagos,10,Río Negro,10305.0,14275.0,0.0,0.0,0.0,0.0,0.0,0.0,0.0,0.0,0.0,0.0,0.0,0.0,0.0,0.0,1.0,1.0,1.0,1.0,2.0,2.0,2.0,2.0,2.0,2.0,2.0,2.0,2.0,2.0,2.0,2.0,2.0
Los Lagos,10,San Juan de la Costa,10306.0,7639.0,1.0,1.0,1.0,1.0,2.0,2.0,2.0,2.0,2.0,2.0,2.0,2.0,2.0,2.0,2.0,3.0,3.0,3.0,3.0,3.0,3.0,3.0,3.0,3.0,3.0,3.0,3.0,3.0,3.0,3.0,3.0
Los Lagos,10,San Pablo,10307.0,10553.0,1.0,1.0,1.0,1.0,1.0,1.0,1.0,1.0,1.0,1.0,1.0,1.0,1.0,1.0,1.0,1.0,1.0,1.0,1.0,2.0,2.0,2.0,2.0,2.0,2.0,2.0,2.0,2.0,2.0,2.0,2.0
Los Lagos,10,Desconocido Los Lagos,,,,,0.0,0.0,0.0,0.0,0.0,0.0,0.0,0.0,0.0,0.0,0.0,0.0,0.0,0.0,0.0,0.0,0.0,0.0,0.0,0.0,0.0,0.0,0.0,0.0,0.0,0.0,0.0,0.0,0.0
Los Lagos,10,Total,,891440.0,12.0,13.0,14.0,17.0,22.0,23.0,23.0,26.0,26.0,28.0,31.0,33.0,34.0,40.0,44.0,52.0,55.0,57.0,59.0,63.0,69.0,69.0,71.0,75.0,75.0,79.0,84.0,87.0,89.0,94.0,98.0
Aysen,11,Aysén,11201.0,25002.0,0.0,0.0,0.0,0.0,0.0,0.0,0.0,0.0,0.0,0.0,0.0,0.0,0.0,0.0,0.0,0.0,0.0,0.0,0.0,0.0,0.0,0.0,0.0,0.0,0.0,0.0,0.0,0.0,0.0,0.0,0.0
Aysen,11,Chile Chico,11401.0,5121.0,0.0,0.0,0.0,0.0,0.0,0.0,0.0,0.0,0.0,0.0,0.0,0.0,0.0,0.0,0.0,0.0,0.0,0.0,0.0,0.0,0.0,0.0,0.0,0.0,0.0,0.0,0.0,0.0,0.0,0.0,0.0
Aysen,11,Cisnes,11202.0,5828.0,0.0,0.0,0.0,0.0,0.0,0.0,0.0,0.0,0.0,0.0,0.0,0.0,0.0,0.0,0.0,0.0,0.0,0.0,0.0,0.0,0.0,0.0,0.0,0.0,0.0,0.0,0.0,0.0,0.0,0.0,0.0
Aysen,11,Cochrane,11301.0,3685.0,0.0,0.0,0.0,0.0,0.0,0.0,0.0,0.0,0.0,0.0,0.0,0.0,0.0,0.0,0.0,0.0,0.0,0.0,0.0,0.0,0.0,0.0,0.0,0.0,0.0,0.0,0.0,0.0,0.0,0.0,0.0
Aysen,11,Coyhaique,11101.0,61210.0,0.0,0.0,0.0,0.0,0.0,0.0,0.0,0.0,0.0,0.0,0.0,0.0,0.0,0.0,0.0,0.0,0.0,0.0,0.0,0.0,0.0,0.0,0.0,0.0,0.0,0.0,0.0,0.0,0.0,0.0,0.0
Aysen,11,Guaitecas,11203.0,1599.0,0.0,0.0,0.0,0.0,0.0,0.0,0.0,0.0,0.0,0.0,0.0,0.0,0.0,0.0,0.0,0.0,0.0,0.0,0.0,0.0,0.0,0.0,0.0,0.0,0.0,0.0,0.0,0.0,0.0,0.0,0.0
Aysen,11,Lago Verde,11102.0,920.0,0.0,0.0,0.0,0.0,0.0,0.0,0.0,0.0,0.0,0.0,0.0,0.0,0.0,0.0,0.0,0.0,0.0,0.0,0.0,0.0,0.0,0.0,0.0,0.0,0.0,0.0,0.0,0.0,0.0,0.0,0.0
Aysen,11,OHiggins,11302.0,661.0,0.0,0.0,0.0,0.0,0.0,0.0,0.0,0.0,0.0,0.0,0.0,0.0,0.0,0.0,0.0,0.0,0.0,0.0,0.0,0.0,0.0,0.0,0.0,0.0,0.0,0.0,0.0,0.0,0.0,0.0,0.0
Aysen,11,Río Ibáñez,11402.0,2699.0,0.0,0.0,0.0,0.0,0.0,0.0,0.0,0.0,0.0,0.0,0.0,0.0,0.0,0.0,0.0,0.0,0.0,0.0,0.0,0.0,0.0,0.0,0.0,0.0,0.0,0.0,0.0,0.0,0.0,0.0,0.0
Aysen,11,Tortel,11303.0,572.0,0.0,0.0,0.0,0.0,0.0,0.0,0.0,0.0,0.0,0.0,0.0,0.0,0.0,0.0,0.0,0.0,0.0,0.0,0.0,0.0,0.0,0.0,0.0,0.0,0.0,0.0,0.0,0.0,0.0,0.0,0.0
Aysen,11,Desconocido Aysen,,,,,0.0,0.0,0.0,0.0,0.0,0.0,0.0,0.0,0.0,0.0,0.0,0.0,0.0,0.0,0.0,0.0,0.0,0.0,0.0,0.0,0.0,0.0,0.0,0.0,0.0,0.0,0.0,0.0,0.0
Aysen,11,Total,,107297.0,0.0,0.0,0.0,0.0,0.0,0.0,0.0,0.0,0.0,0.0,0.0,0.0,0.0,0.0,0.0,0.0,0.0,0.0,0.0,0.0,0.0,0.0,0.0,0.0,0.0,0.0,0.0,0.0,0.0,0.0,0.0
Magallanes y la Antartica,12,Antartica,12202.0,137.0,0.0,0.0,0.0,0.0,0.0,0.0,0.0,0.0,0.0,0.0,0.0,0.0,0.0,0.0,0.0,0.0,0.0,0.0,0.0,0.0,0.0,0.0,0.0,0.0,0.0,0.0,0.0,0.0,0.0,0.0,0.0
Magallanes y la Antartica,12,Cabo de Hornos,12201.0,1983.0,0.0,0.0,0.0,0.0,0.0,0.0,0.0,0.0,0.0,0.0,0.0,0.0,0.0,0.0,0.0,0.0,0.0,0.0,0.0,0.0,0.0,0.0,0.0,0.0,0.0,0.0,0.0,0.0,0.0,0.0,0.0
Magallanes y la Antartica,12,Laguna Blanca,12102.0,264.0,0.0,0.0,0.0,0.0,0.0,0.0,0.0,0.0,0.0,0.0,0.0,0.0,0.0,0.0,0.0,0.0,0.0,0.0,0.0,0.0,0.0,0.0,0.0,0.0,0.0,0.0,0.0,0.0,0.0,0.0,0.0
Magallanes y la Antartica,12,Natales,12401.0,23782.0,0.0,0.0,0.0,0.0,0.0,0.0,0.0,0.0,0.0,0.0,0.0,0.0,0.0,0.0,0.0,0.0,0.0,0.0,0.0,0.0,0.0,0.0,0.0,0.0,0.0,0.0,0.0,0.0,0.0,0.0,0.0
Magallanes y la Antartica,12,Porvenir,12301.0,7323.0,0.0,0.0,0.0,0.0,0.0,0.0,0.0,0.0,0.0,0.0,0.0,0.0,0.0,0.0,0.0,0.0,0.0,0.0,0.0,0.0,0.0,0.0,0.0,0.0,0.0,0.0,1.0,0.0,0.0,0.0,0.0
Magallanes y la Antartica,12,Primavera,12302.0,694.0,0.0,0.0,0.0,0.0,0.0,0.0,0.0,0.0,0.0,0.0,0.0,0.0,0.0,0.0,0.0,0.0,0.0,0.0,0.0,0.0,0.0,0.0,0.0,0.0,0.0,0.0,0.0,0.0,0.0,0.0,0.0
Magallanes y la Antartica,12,Punta Arenas,12101.0,141984.0,16.0,16.0,16.0,16.0,22.0,22.0,23.0,26.0,26.0,28.0,28.0,28.0,28.0,28.0,29.0,30.0,30.0,30.0,30.0,32.0,34.0,35.0,40.0,44.0,46.0,50.0,54.0,62.0,65.0,74.0,81.0
Magallanes y la Antartica,12,Río Verde,12103.0,211.0,0.0,0.0,0.0,0.0,0.0,0.0,0.0,0.0,0.0,0.0,0.0,0.0,0.0,0.0,0.0,0.0,0.0,0.0,0.0,0.0,0.0,0.0,0.0,0.0,0.0,0.0,0.0,0.0,0.0,0.0,0.0
Magallanes y la Antartica,12,San Gregorio,12104.0,681.0,0.0,0.0,0.0,0.0,0.0,0.0,0.0,0.0,0.0,0.0,0.0,0.0,0.0,0.0,0.0,0.0,0.0,0.0,0.0,0.0,0.0,0.0,0.0,0.0,0.0,0.0,0.0,0.0,0.0,0.0,0.0
Magallanes y la Antartica,12,Timaukel,12303.0,282.0,0.0,0.0,0.0,0.0,0.0,0.0,0.0,0.0,0.0,0.0,0.0,0.0,0.0,0.0,0.0,0.0,0.0,0.0,0.0,0.0,0.0,0.0,0.0,0.0,0.0,0.0,0.0,0.0,0.0,0.0,0.0
Magallanes y la Antartica,12,Torres del Paine,12402.0,1021.0,0.0,0.0,0.0,0.0,0.0,0.0,0.0,0.0,0.0,0.0,0.0,0.0,0.0,0.0,0.0,0.0,0.0,0.0,0.0,0.0,0.0,0.0,0.0,0.0,0.0,0.0,0.0,0.0,0.0,0.0,0.0
Magallanes y la Antartica,12,Desconocido Magallanes,,,,,0.0,0.0,0.0,0.0,0.0,0.0,0.0,0.0,0.0,0.0,0.0,0.0,0.0,0.0,0.0,0.0,0.0,0.0,0.0,0.0,0.0,0.0,0.0,0.0,0.0,0.0,0.0,0.0,0.0
Magallanes y la Antartica,12,Total,,178362.0,16.0,16.0,16.0,16.0,22.0,22.0,23.0,26.0,26.0,28.0,28.0,28.0,28.0,28.0,29.0,30.0,30.0,30.0,30.0,32.0,34.0,35.0,40.0,44.0,46.0,50.0,55.0,62.0,65.0,74.0,81.0
